date,channel,creative_id,impressions,clicks,ctr,conversions,spend
2026-01-15,ctv,ctv_v1,35234,116,0.00331,1,1199.49
2026-01-15,ctv,ctv_v2,28638,76,0.00266,0,981.4
2026-01-15,paid_search,search_v1,81167,3163,0.03897,212,2186.14
2026-01-15,paid_search,search_v2,51202,2002,0.03911,120,1311.68
2026-01-15,paid_search,search_v3,33746,1135,0.03364,54,874.45
2026-01-15,paid_social,social_v1,237765,6111,0.0257,201,2342.38
2026-01-15,paid_social,social_v2,130997,2389,0.01824,70,1301.32
2026-01-15,paid_social,social_v3,107084,1613,0.01507,43,1041.06
2026-01-15,paid_social,social_v4,52322,879,0.01681,20,520.53
2026-01-15,programmatic_display,display_v1,155261,822,0.0053,8,1051.11
2026-01-15,programmatic_display,display_v2,146541,664,0.00454,6,919.72
2026-01-15,programmatic_display,display_v3,104693,339,0.00325,3,656.94
2026-01-15,youtube,yt_v1,91503,1044,0.01142,26,1259.97
2026-01-15,youtube,yt_v2,79153,774,0.00978,16,1102.48
2026-01-15,youtube,yt_v3,56660,661,0.01168,8,787.48
2026-01-16,ctv,ctv_v1,36910,98,0.00266,1,1134.6
2026-01-16,ctv,ctv_v2,30508,69,0.00228,0,928.31
2026-01-16,paid_search,search_v1,81522,3029,0.03716,195,2045.54
2026-01-16,paid_search,search_v2,47196,1539,0.03261,83,1227.32
2026-01-16,paid_search,search_v3,31085,1092,0.03515,55,818.21
2026-01-16,paid_social,social_v1,219475,5497,0.02505,184,2199.2
2026-01-16,paid_social,social_v2,114705,2407,0.02099,70,1221.78
2026-01-16,paid_social,social_v3,100742,1530,0.01519,36,977.42
2026-01-16,paid_social,social_v4,46787,702,0.01501,15,488.71
2026-01-16,programmatic_display,display_v1,182358,945,0.00519,9,1151.78
2026-01-16,programmatic_display,display_v2,163817,888,0.00542,9,1007.81
2026-01-16,programmatic_display,display_v3,114969,481,0.00419,3,719.87
2026-01-16,youtube,yt_v1,78324,907,0.01158,15,1244.68
2026-01-16,youtube,yt_v2,63399,590,0.00932,11,1089.1
2026-01-16,youtube,yt_v3,48882,448,0.00917,7,777.93
2026-01-17,ctv,ctv_v1,29758,92,0.00312,1,1114.09
2026-01-17,ctv,ctv_v2,24343,65,0.00267,0,911.52
2026-01-17,paid_search,search_v1,75120,2967,0.0395,161,1897.09
2026-01-17,paid_search,search_v2,47021,1755,0.03733,100,1138.25
2026-01-17,paid_search,search_v3,29028,894,0.03082,45,758.83
2026-01-17,paid_social,social_v1,201400,6091,0.03024,208,2205.49
2026-01-17,paid_social,social_v2,111986,2252,0.02011,62,1225.27
2026-01-17,paid_social,social_v3,87832,1379,0.01571,31,980.22
2026-01-17,paid_social,social_v4,45780,612,0.01337,10,490.11
2026-01-17,programmatic_display,display_v1,133433,758,0.00568,7,1010.37
2026-01-17,programmatic_display,display_v2,120899,617,0.0051,5,884.08
2026-01-17,programmatic_display,display_v3,89567,338,0.00378,3,631.48
2026-01-17,youtube,yt_v1,91960,1111,0.01208,23,1122.74
2026-01-17,youtube,yt_v2,77209,850,0.01102,17,982.39
2026-01-17,youtube,yt_v3,56882,539,0.00949,8,701.71
2026-01-18,ctv,ctv_v1,24820,77,0.00312,1,908.85
2026-01-18,ctv,ctv_v2,20231,63,0.00312,0,743.61
2026-01-18,paid_search,search_v1,64505,2204,0.03418,104,1815.69
2026-01-18,paid_search,search_v2,37436,1253,0.03348,66,1089.42
2026-01-18,paid_search,search_v3,26363,872,0.03311,30,726.28
2026-01-18,paid_social,social_v1,159992,3884,0.02428,95,1862.45
2026-01-18,paid_social,social_v2,88835,1655,0.01864,39,1034.69
2026-01-18,paid_social,social_v3,72149,1141,0.01581,23,827.76
2026-01-18,paid_social,social_v4,37141,514,0.01384,10,413.88
2026-01-18,programmatic_display,display_v1,168840,864,0.00512,10,975.49
2026-01-18,programmatic_display,display_v2,140394,657,0.00468,6,853.55
2026-01-18,programmatic_display,display_v3,103714,440,0.00424,3,609.68
2026-01-18,youtube,yt_v1,60262,714,0.01186,11,1039.64
2026-01-18,youtube,yt_v2,52058,485,0.00934,9,909.68
2026-01-18,youtube,yt_v3,38464,434,0.01129,7,649.77
2026-01-19,ctv,ctv_v1,27990,99,0.00355,1,970.44
2026-01-19,ctv,ctv_v2,21683,67,0.00313,0,793.99
2026-01-19,paid_search,search_v1,71362,3368,0.04721,186,1831.92
2026-01-19,paid_search,search_v2,42914,1599,0.03727,93,1099.15
2026-01-19,paid_search,search_v3,28675,895,0.03123,44,732.77
2026-01-19,paid_social,social_v1,247148,6592,0.02667,179,2582.83
2026-01-19,paid_social,social_v2,131516,2442,0.01857,67,1434.91
2026-01-19,paid_social,social_v3,102535,1406,0.01371,32,1147.93
2026-01-19,paid_social,social_v4,50806,751,0.0148,16,573.96
2026-01-19,programmatic_display,display_v1,218566,1245,0.0057,13,1219.5
2026-01-19,programmatic_display,display_v2,200022,984,0.00492,9,1067.06
2026-01-19,programmatic_display,display_v3,136250,534,0.00392,5,762.19
2026-01-19,youtube,yt_v1,71625,908,0.01269,14,1251.1
2026-01-19,youtube,yt_v2,63918,628,0.00983,11,1094.71
2026-01-19,youtube,yt_v3,43937,345,0.00787,5,781.94
2026-01-20,ctv,ctv_v1,36013,100,0.00279,1,1059.87
2026-01-20,ctv,ctv_v2,27299,73,0.0027,1,867.17
2026-01-20,paid_search,search_v1,89371,4094,0.04581,287,1971.82
2026-01-20,paid_search,search_v2,50575,1725,0.03411,80,1183.09
2026-01-20,paid_search,search_v3,35754,1233,0.0345,69,788.73
2026-01-20,paid_social,social_v1,274985,8078,0.02938,207,2505.68
2026-01-20,paid_social,social_v2,144418,2734,0.01894,81,1392.05
2026-01-20,paid_social,social_v3,120145,1968,0.01639,50,1113.64
2026-01-20,paid_social,social_v4,56796,820,0.01445,18,556.82
2026-01-20,programmatic_display,display_v1,188416,1175,0.00624,12,1300.01
2026-01-20,programmatic_display,display_v2,167101,809,0.00485,5,1137.51
2026-01-20,programmatic_display,display_v3,124662,446,0.00358,3,812.5
2026-01-20,youtube,yt_v1,81265,695,0.00856,15,1252.13
2026-01-20,youtube,yt_v2,73695,681,0.00925,12,1095.61
2026-01-20,youtube,yt_v3,48273,533,0.01106,6,782.58
2026-01-21,ctv,ctv_v1,29787,88,0.00297,1,910.38
2026-01-21,ctv,ctv_v2,24709,68,0.00277,0,744.86
2026-01-21,paid_search,search_v1,88355,3705,0.04194,254,2139.05
2026-01-21,paid_search,search_v2,53330,1967,0.03689,116,1283.43
2026-01-21,paid_search,search_v3,36537,1239,0.03393,60,855.62
2026-01-21,paid_social,social_v1,248513,7798,0.03138,208,2360.11
2026-01-21,paid_social,social_v2,137367,2561,0.01865,73,1311.17
2026-01-21,paid_social,social_v3,106369,1861,0.0175,48,1048.94
2026-01-21,paid_social,social_v4,52713,744,0.01413,15,524.47
2026-01-21,programmatic_display,display_v1,178296,1066,0.00598,10,1240.67
2026-01-21,programmatic_display,display_v2,158288,798,0.00505,8,1085.58
2026-01-21,programmatic_display,display_v3,103912,388,0.00374,2,775.42
2026-01-21,youtube,yt_v1,80356,717,0.00893,14,1355.7
2026-01-21,youtube,yt_v2,73745,796,0.01081,13,1186.23
2026-01-21,youtube,yt_v3,53808,486,0.00904,9,847.31
2026-01-22,ctv,ctv_v1,38918,125,0.00321,1,1152.46
2026-01-22,ctv,ctv_v2,31914,86,0.00272,1,942.92
2026-01-22,paid_search,search_v1,65468,2975,0.04545,154,1988.49
2026-01-22,paid_search,search_v2,36998,1461,0.03951,77,1193.09
2026-01-22,paid_search,search_v3,26300,896,0.03408,35,795.4
2026-01-22,paid_social,social_v1,191817,5162,0.02691,163,2475.62
2026-01-22,paid_social,social_v2,112287,2359,0.02101,67,1375.35
2026-01-22,paid_social,social_v3,86320,1483,0.01719,38,1100.28
2026-01-22,paid_social,social_v4,43468,651,0.01498,12,550.14
2026-01-22,programmatic_display,display_v1,262794,1446,0.0055,15,1396.44
2026-01-22,programmatic_display,display_v2,233512,1268,0.00543,13,1221.88
2026-01-22,programmatic_display,display_v3,165206,554,0.00336,4,872.77
2026-01-22,youtube,yt_v1,79597,901,0.01132,19,1260.0
2026-01-22,youtube,yt_v2,67706,598,0.00884,11,1102.5
2026-01-22,youtube,yt_v3,48845,458,0.00939,7,787.5
2026-01-23,ctv,ctv_v1,38916,122,0.00315,1,1189.66
2026-01-23,ctv,ctv_v2,32750,86,0.00263,1,973.35
2026-01-23,paid_search,search_v1,67937,2797,0.04118,146,2087.55
2026-01-23,paid_search,search_v2,39680,1403,0.03538,79,1252.53
2026-01-23,paid_search,search_v3,25614,823,0.03215,46,835.02
2026-01-23,paid_social,social_v1,247594,7343,0.02966,240,2893.08
2026-01-23,paid_social,social_v2,135094,2599,0.01925,81,1607.27
2026-01-23,paid_social,social_v3,116188,1659,0.01428,41,1285.81
2026-01-23,paid_social,social_v4,55605,840,0.01511,17,642.91
2026-01-23,programmatic_display,display_v1,211448,1357,0.00642,15,1250.51
2026-01-23,programmatic_display,display_v2,179632,934,0.0052,9,1094.19
2026-01-23,programmatic_display,display_v3,125023,516,0.00413,4,781.57
2026-01-23,youtube,yt_v1,71365,668,0.00936,14,1288.01
2026-01-23,youtube,yt_v2,60634,650,0.01073,11,1127.01
2026-01-23,youtube,yt_v3,44959,410,0.00913,6,805.0
2026-01-24,ctv,ctv_v1,24921,74,0.003,1,952.89
2026-01-24,ctv,ctv_v2,20244,60,0.00296,0,779.64
2026-01-24,paid_search,search_v1,57796,2101,0.03637,109,1610.88
2026-01-24,paid_search,search_v2,33954,1376,0.04054,80,966.53
2026-01-24,paid_search,search_v3,23376,860,0.0368,40,644.35
2026-01-24,paid_social,social_v1,201342,6139,0.03049,168,2391.04
2026-01-24,paid_social,social_v2,111401,2192,0.01968,62,1328.36
2026-01-24,paid_social,social_v3,90027,1566,0.0174,34,1062.68
2026-01-24,paid_social,social_v4,45791,607,0.01327,11,531.34
2026-01-24,programmatic_display,display_v1,136119,768,0.00564,8,1008.01
2026-01-24,programmatic_display,display_v2,122339,472,0.00386,4,882.01
2026-01-24,programmatic_display,display_v3,87256,306,0.00351,2,630.0
2026-01-24,youtube,yt_v1,73855,885,0.01199,14,1089.08
2026-01-24,youtube,yt_v2,71109,667,0.00938,12,952.95
2026-01-24,youtube,yt_v3,48800,412,0.00845,6,680.68
2026-01-25,ctv,ctv_v1,33492,105,0.00314,1,1030.34
2026-01-25,ctv,ctv_v2,26229,72,0.00278,1,843.01
2026-01-25,paid_search,search_v1,70337,3189,0.04535,182,1717.54
2026-01-25,paid_search,search_v2,42019,1574,0.03746,85,1030.52
2026-01-25,paid_search,search_v3,28198,913,0.03241,43,687.02
2026-01-25,paid_social,social_v1,167821,4796,0.02858,150,1923.15
2026-01-25,paid_social,social_v2,93074,1840,0.01978,42,1068.41
2026-01-25,paid_social,social_v3,74489,1235,0.01659,29,854.73
2026-01-25,paid_social,social_v4,35538,526,0.0148,10,427.37
2026-01-25,programmatic_display,display_v1,150137,850,0.00566,9,1059.84
2026-01-25,programmatic_display,display_v2,130364,608,0.00466,6,927.36
2026-01-25,programmatic_display,display_v3,101394,433,0.00428,4,662.4
2026-01-25,youtube,yt_v1,86827,890,0.01026,14,1168.28
2026-01-25,youtube,yt_v2,76400,729,0.00954,13,1022.24
2026-01-25,youtube,yt_v3,55076,486,0.00884,7,730.17
2026-01-26,ctv,ctv_v1,44124,124,0.00283,1,1286.55
2026-01-26,ctv,ctv_v2,36209,87,0.00243,1,1052.64
2026-01-26,paid_search,search_v1,64019,2811,0.04392,147,2106.63
2026-01-26,paid_search,search_v2,38018,1479,0.03892,76,1263.98
2026-01-26,paid_search,search_v3,26731,851,0.03187,39,842.65
2026-01-26,paid_social,social_v1,194546,5079,0.02611,131,2392.97
2026-01-26,paid_social,social_v2,115592,2385,0.02064,66,1329.43
2026-01-26,paid_social,social_v3,87213,1437,0.01648,28,1063.54
2026-01-26,paid_social,social_v4,46289,697,0.01507,15,531.77
2026-01-26,programmatic_display,display_v1,156779,858,0.00548,10,1114.34
2026-01-26,programmatic_display,display_v2,131667,697,0.00529,6,975.04
2026-01-26,programmatic_display,display_v3,97689,367,0.00376,3,696.46
2026-01-26,youtube,yt_v1,72124,818,0.01135,14,1131.88
2026-01-26,youtube,yt_v2,66143,613,0.00928,10,990.4
2026-01-26,youtube,yt_v3,45071,512,0.01137,8,707.43
2026-01-27,ctv,ctv_v1,32863,87,0.00266,1,1169.92
2026-01-27,ctv,ctv_v2,27078,71,0.00264,1,957.21
2026-01-27,paid_search,search_v1,71255,3188,0.04475,233,2061.51
2026-01-27,paid_search,search_v2,39972,1604,0.04015,82,1236.9
2026-01-27,paid_search,search_v3,26568,1069,0.04026,49,824.6
2026-01-27,paid_social,social_v1,277324,7880,0.02842,263,2648.49
2026-01-27,paid_social,social_v2,160402,3156,0.01968,84,1471.38
2026-01-27,paid_social,social_v3,131424,2330,0.01773,66,1177.11
2026-01-27,paid_social,social_v4,65365,1011,0.01548,20,588.55
2026-01-27,programmatic_display,display_v1,218198,1109,0.00508,15,1337.04
2026-01-27,programmatic_display,display_v2,179860,898,0.00499,10,1169.91
2026-01-27,programmatic_display,display_v3,137934,542,0.00394,5,835.65
2026-01-27,youtube,yt_v1,91015,1049,0.01153,19,1378.33
2026-01-27,youtube,yt_v2,80696,932,0.01156,14,1206.04
2026-01-27,youtube,yt_v3,55903,597,0.01068,8,861.46
2026-01-28,ctv,ctv_v1,30049,86,0.00288,1,962.19
2026-01-28,ctv,ctv_v2,24748,58,0.00235,0,787.25
2026-01-28,paid_search,search_v1,78364,3170,0.04046,197,2179.36
2026-01-28,paid_search,search_v2,45488,1708,0.03757,89,1307.61
2026-01-28,paid_search,search_v3,31138,1042,0.03347,50,871.74
2026-01-28,paid_social,social_v1,212754,5287,0.02485,173,2228.99
2026-01-28,paid_social,social_v2,118259,2364,0.02,59,1238.33
2026-01-28,paid_social,social_v3,90121,1403,0.01558,33,990.66
2026-01-28,paid_social,social_v4,47618,735,0.01545,16,495.33
2026-01-28,programmatic_display,display_v1,191092,1059,0.00554,9,1282.48
2026-01-28,programmatic_display,display_v2,171450,792,0.00462,8,1122.17
2026-01-28,programmatic_display,display_v3,119551,469,0.00392,4,801.55
2026-01-28,youtube,yt_v1,86836,806,0.00928,15,1093.23
2026-01-28,youtube,yt_v2,75249,660,0.00877,11,956.58
2026-01-28,youtube,yt_v3,52304,545,0.01043,8,683.27
2026-01-29,ctv,ctv_v1,42519,141,0.00333,2,1244.24
2026-01-29,ctv,ctv_v2,36710,104,0.00283,1,1018.01
2026-01-29,paid_search,search_v1,96975,3898,0.0402,216,2653.43
2026-01-29,paid_search,search_v2,61579,2370,0.03849,136,1592.06
2026-01-29,paid_search,search_v3,39612,1298,0.03278,62,1061.37
2026-01-29,paid_social,social_v1,226651,6519,0.02877,182,2472.51
2026-01-29,paid_social,social_v2,129507,2399,0.01853,54,1373.62
2026-01-29,paid_social,social_v3,94200,1447,0.01537,33,1098.89
2026-01-29,paid_social,social_v4,49362,775,0.01571,16,549.45
2026-01-29,programmatic_display,display_v1,228574,1163,0.00509,12,1268.94
2026-01-29,programmatic_display,display_v2,201080,983,0.00489,9,1110.33
2026-01-29,programmatic_display,display_v3,141826,538,0.00379,4,793.09
2026-01-29,youtube,yt_v1,82291,917,0.01115,19,1306.51
2026-01-29,youtube,yt_v2,69978,696,0.00995,12,1143.2
2026-01-29,youtube,yt_v3,49981,494,0.00989,8,816.57
2026-01-30,ctv,ctv_v1,44009,122,0.00278,1,1272.02
2026-01-30,ctv,ctv_v2,36229,102,0.00283,1,1040.74
2026-01-30,paid_search,search_v1,96320,3777,0.03922,210,2485.89
2026-01-30,paid_search,search_v2,62829,2421,0.03853,142,1491.53
2026-01-30,paid_search,search_v3,41402,1432,0.0346,76,994.35
2026-01-30,paid_social,social_v1,241860,6297,0.02604,182,2469.88
2026-01-30,paid_social,social_v2,136690,2922,0.02138,81,1372.16
2026-01-30,paid_social,social_v3,103803,1611,0.01552,41,1097.73
2026-01-30,paid_social,social_v4,50952,829,0.01628,16,548.86
2026-01-30,programmatic_display,display_v1,207349,1183,0.00571,13,1498.84
2026-01-30,programmatic_display,display_v2,180725,892,0.00494,9,1311.49
2026-01-30,programmatic_display,display_v3,122092,426,0.00349,4,936.78
2026-01-30,youtube,yt_v1,121998,1313,0.01077,27,1497.26
2026-01-30,youtube,yt_v2,112003,1005,0.00897,17,1310.11
2026-01-30,youtube,yt_v3,79260,745,0.0094,12,935.79
2026-01-31,ctv,ctv_v1,28528,76,0.00267,1,1017.96
2026-01-31,ctv,ctv_v2,24604,72,0.00296,0,832.87
2026-01-31,paid_search,search_v1,95181,4316,0.04535,235,2216.48
2026-01-31,paid_search,search_v2,59611,2297,0.03855,112,1329.89
2026-01-31,paid_search,search_v3,38840,1492,0.03843,69,886.59
2026-01-31,paid_social,social_v1,161540,4127,0.02555,127,2076.5
2026-01-31,paid_social,social_v2,94818,1579,0.01666,42,1153.61
2026-01-31,paid_social,social_v3,74818,1180,0.01578,23,922.89
2026-01-31,paid_social,social_v4,38396,584,0.01522,12,461.44
2026-01-31,programmatic_display,display_v1,175824,1109,0.00631,10,1027.56
2026-01-31,programmatic_display,display_v2,150196,700,0.00466,7,899.11
2026-01-31,programmatic_display,display_v3,112294,467,0.00416,3,642.22
2026-01-31,youtube,yt_v1,63253,690,0.01092,14,1123.06
2026-01-31,youtube,yt_v2,55234,458,0.0083,7,982.67
2026-01-31,youtube,yt_v3,40061,373,0.00933,6,701.91
2026-02-01,ctv,ctv_v1,28716,88,0.0031,1,1021.35
2026-02-01,ctv,ctv_v2,23685,57,0.00241,0,835.65
2026-02-01,paid_search,search_v1,63906,2272,0.03556,115,1907.57
2026-02-01,paid_search,search_v2,36741,1295,0.03525,66,1144.54
2026-02-01,paid_search,search_v3,24903,813,0.03268,35,763.03
2026-02-01,paid_social,social_v1,166351,4475,0.0269,139,1789.15
2026-02-01,paid_social,social_v2,90016,1684,0.01872,51,993.97
2026-02-01,paid_social,social_v3,70295,1200,0.01707,28,795.18
2026-02-01,paid_social,social_v4,35111,523,0.01491,10,397.59
2026-02-01,programmatic_display,display_v1,169998,1011,0.00595,11,1202.77
2026-02-01,programmatic_display,display_v2,158491,875,0.00553,9,1052.42
2026-02-01,programmatic_display,display_v3,108300,402,0.00371,3,751.73
2026-02-01,youtube,yt_v1,76020,792,0.01043,16,1034.02
2026-02-01,youtube,yt_v2,64286,648,0.01008,11,904.77
2026-02-01,youtube,yt_v3,47459,472,0.00995,6,646.26
2026-02-02,ctv,ctv_v1,34250,106,0.00311,1,1040.04
2026-02-02,ctv,ctv_v2,28844,85,0.00295,0,850.95
2026-02-02,paid_search,search_v1,97610,4048,0.04148,206,2679.82
2026-02-02,paid_search,search_v2,58570,2000,0.03416,91,1607.89
2026-02-02,paid_search,search_v3,41684,1681,0.04034,85,1071.93
2026-02-02,paid_social,social_v1,179476,5009,0.02791,145,2080.39
2026-02-02,paid_social,social_v2,99128,1954,0.01972,45,1155.77
2026-02-02,paid_social,social_v3,79445,1194,0.01504,28,924.62
2026-02-02,paid_social,social_v4,39288,578,0.01474,11,462.31
2026-02-02,programmatic_display,display_v1,210067,1169,0.00557,12,1237.48
2026-02-02,programmatic_display,display_v2,180046,860,0.00478,9,1082.79
2026-02-02,programmatic_display,display_v3,134008,540,0.00403,4,773.42
2026-02-02,youtube,yt_v1,95280,1080,0.01134,21,1204.76
2026-02-02,youtube,yt_v2,85502,692,0.0081,10,1054.16
2026-02-02,youtube,yt_v3,62397,585,0.00938,10,752.97
2026-02-03,ctv,ctv_v1,38805,111,0.00288,1,1423.42
2026-02-03,ctv,ctv_v2,32977,81,0.00247,1,1164.61
2026-02-03,paid_search,search_v1,107013,4216,0.0394,233,2582.95
2026-02-03,paid_search,search_v2,61515,2660,0.04325,131,1549.77
2026-02-03,paid_search,search_v3,45199,1690,0.0374,84,1033.18
2026-02-03,paid_social,social_v1,161125,4901,0.03042,142,2058.66
2026-02-03,paid_social,social_v2,91050,1683,0.01849,49,1143.7
2026-02-03,paid_social,social_v3,73557,1269,0.01726,22,914.96
2026-02-03,paid_social,social_v4,36729,613,0.0167,11,457.48
2026-02-03,programmatic_display,display_v1,176175,949,0.00539,8,1170.14
2026-02-03,programmatic_display,display_v2,159293,776,0.00487,6,1023.87
2026-02-03,programmatic_display,display_v3,111989,399,0.00357,3,731.34
2026-02-03,youtube,yt_v1,102564,1098,0.01071,20,1299.22
2026-02-03,youtube,yt_v2,87246,644,0.00739,13,1136.82
2026-02-03,youtube,yt_v3,63849,606,0.0095,10,812.01
2026-02-04,ctv,ctv_v1,28249,85,0.00303,1,1069.54
2026-02-04,ctv,ctv_v2,23734,70,0.00298,0,875.08
2026-02-04,paid_search,search_v1,99580,4403,0.04422,255,2511.29
2026-02-04,paid_search,search_v2,59373,2183,0.03678,102,1506.77
2026-02-04,paid_search,search_v3,39207,1167,0.02979,53,1004.52
2026-02-04,paid_social,social_v1,200064,5432,0.02716,131,2181.06
2026-02-04,paid_social,social_v2,106385,2049,0.01927,57,1211.7
2026-02-04,paid_social,social_v3,89657,1452,0.0162,34,969.36
2026-02-04,paid_social,social_v4,43090,511,0.01187,10,484.68
2026-02-04,programmatic_display,display_v1,188900,1032,0.00546,10,1279.14
2026-02-04,programmatic_display,display_v2,171987,750,0.00436,7,1119.24
2026-02-04,programmatic_display,display_v3,120910,466,0.00386,4,799.46
2026-02-04,youtube,yt_v1,90787,1029,0.01134,21,1246.61
2026-02-04,youtube,yt_v2,82406,835,0.01014,13,1090.78
2026-02-04,youtube,yt_v3,56813,577,0.01017,9,779.13
2026-02-05,ctv,ctv_v1,33008,99,0.003,1,1259.1
2026-02-05,ctv,ctv_v2,28845,86,0.00299,0,1030.18
2026-02-05,paid_search,search_v1,74040,3001,0.04054,179,2142.41
2026-02-05,paid_search,search_v2,45037,2047,0.04547,121,1285.45
2026-02-05,paid_search,search_v3,31346,897,0.02863,46,856.96
2026-02-05,paid_social,social_v1,192483,5803,0.03015,137,2320.76
2026-02-05,paid_social,social_v2,98219,1926,0.01961,50,1289.31
2026-02-05,paid_social,social_v3,84192,1375,0.01634,31,1031.45
2026-02-05,paid_social,social_v4,39654,570,0.01439,13,515.73
2026-02-05,programmatic_display,display_v1,186867,1057,0.00566,10,1178.07
2026-02-05,programmatic_display,display_v2,168459,937,0.00556,8,1030.81
2026-02-05,programmatic_display,display_v3,119181,496,0.00417,3,736.29
2026-02-05,youtube,yt_v1,90200,950,0.01053,22,1205.75
2026-02-05,youtube,yt_v2,80433,960,0.01194,13,1055.03
2026-02-05,youtube,yt_v3,56398,563,0.00999,8,753.6
2026-02-06,ctv,ctv_v1,33138,98,0.00298,1,1039.52
2026-02-06,ctv,ctv_v2,27616,80,0.00291,1,850.52
2026-02-06,paid_search,search_v1,101768,3963,0.03895,230,2516.39
2026-02-06,paid_search,search_v2,66432,2655,0.03997,126,1509.83
2026-02-06,paid_search,search_v3,43354,1561,0.03601,90,1006.56
2026-02-06,paid_social,social_v1,216111,5857,0.0271,206,2417.62
2026-02-06,paid_social,social_v2,122125,2618,0.02144,78,1343.12
2026-02-06,paid_social,social_v3,92769,1455,0.01569,38,1074.5
2026-02-06,paid_social,social_v4,45141,681,0.01509,13,537.25
2026-02-06,programmatic_display,display_v1,163238,927,0.00568,10,1242.96
2026-02-06,programmatic_display,display_v2,152396,699,0.00459,8,1087.59
2026-02-06,programmatic_display,display_v3,105143,429,0.00409,3,776.85
2026-02-06,youtube,yt_v1,106675,1091,0.01023,19,1289.74
2026-02-06,youtube,yt_v2,88328,717,0.00813,13,1128.52
2026-02-06,youtube,yt_v3,66319,626,0.00945,11,806.09
2026-02-07,ctv,ctv_v1,31690,100,0.00316,1,910.49
2026-02-07,ctv,ctv_v2,27319,79,0.0029,0,744.94
2026-02-07,paid_search,search_v1,60434,2581,0.04271,161,1869.66
2026-02-07,paid_search,search_v2,37657,1547,0.0411,89,1121.8
2026-02-07,paid_search,search_v3,24080,791,0.03285,37,747.87
2026-02-07,paid_social,social_v1,187348,5011,0.02675,169,2364.46
2026-02-07,paid_social,social_v2,104897,2083,0.01986,52,1313.59
2026-02-07,paid_social,social_v3,82176,1308,0.01592,31,1050.87
2026-02-07,paid_social,social_v4,41438,620,0.01498,11,525.44
2026-02-07,programmatic_display,display_v1,183759,917,0.00499,10,1114.86
2026-02-07,programmatic_display,display_v2,165600,731,0.00441,9,975.5
2026-02-07,programmatic_display,display_v3,120675,499,0.00414,4,696.78
2026-02-07,youtube,yt_v1,78476,969,0.01235,22,1097.28
2026-02-07,youtube,yt_v2,69226,664,0.0096,10,960.12
2026-02-07,youtube,yt_v3,49348,494,0.01002,8,685.8
2026-02-08,ctv,ctv_v1,28565,89,0.00312,1,1071.72
2026-02-08,ctv,ctv_v2,23530,63,0.00269,0,876.86
2026-02-08,paid_search,search_v1,61517,2959,0.0481,156,1732.28
2026-02-08,paid_search,search_v2,36272,1326,0.03657,67,1039.37
2026-02-08,paid_search,search_v3,23855,774,0.03246,34,692.91
2026-02-08,paid_social,social_v1,204832,6198,0.03026,160,2089.43
2026-02-08,paid_social,social_v2,117180,2410,0.02057,53,1160.8
2026-02-08,paid_social,social_v3,86858,1356,0.01562,35,928.64
2026-02-08,paid_social,social_v4,44888,649,0.01447,14,464.32
2026-02-08,programmatic_display,display_v1,159738,806,0.00505,8,1066.36
2026-02-08,programmatic_display,display_v2,138429,605,0.00438,6,933.06
2026-02-08,programmatic_display,display_v3,99180,447,0.00451,3,666.48
2026-02-08,youtube,yt_v1,75471,770,0.01021,18,959.28
2026-02-08,youtube,yt_v2,65769,552,0.0084,11,839.37
2026-02-08,youtube,yt_v3,43901,428,0.00976,6,599.55
2026-02-09,ctv,ctv_v1,34639,103,0.00299,1,1128.19
2026-02-09,ctv,ctv_v2,30223,77,0.00255,1,923.07
2026-02-09,paid_search,search_v1,71682,3002,0.04188,172,2151.32
2026-02-09,paid_search,search_v2,42629,1483,0.0348,80,1290.79
2026-02-09,paid_search,search_v3,29342,1027,0.03503,38,860.53
2026-02-09,paid_social,social_v1,202616,5549,0.02739,149,2187.49
2026-02-09,paid_social,social_v2,107213,1995,0.01862,52,1215.27
2026-02-09,paid_social,social_v3,85267,1357,0.01592,31,972.22
2026-02-09,paid_social,social_v4,46013,693,0.01507,13,486.11
2026-02-09,programmatic_display,display_v1,206207,1101,0.00534,11,1198.82
2026-02-09,programmatic_display,display_v2,176562,904,0.00512,10,1048.97
2026-02-09,programmatic_display,display_v3,131341,548,0.00418,4,749.26
2026-02-09,youtube,yt_v1,82571,888,0.01076,20,1181.29
2026-02-09,youtube,yt_v2,72947,615,0.00843,12,1033.63
2026-02-09,youtube,yt_v3,49386,467,0.00947,7,738.31
2026-02-10,ctv,ctv_v1,38987,118,0.00304,1,1281.29
2026-02-10,ctv,ctv_v2,29399,93,0.00319,1,1048.32
2026-02-10,paid_search,search_v1,89354,3785,0.04236,238,2354.11
2026-02-10,paid_search,search_v2,56321,1862,0.03308,97,1412.46
2026-02-10,paid_search,search_v3,34188,1301,0.03808,63,941.64
2026-02-10,paid_social,social_v1,221226,6158,0.02784,175,2498.54
2026-02-10,paid_social,social_v2,130862,2601,0.01988,64,1388.08
2026-02-10,paid_social,social_v3,101757,1594,0.01567,41,1110.46
2026-02-10,paid_social,social_v4,49919,781,0.01566,13,555.23
2026-02-10,programmatic_display,display_v1,222533,1258,0.00566,14,1402.53
2026-02-10,programmatic_display,display_v2,198319,910,0.00459,9,1227.21
2026-02-10,programmatic_display,display_v3,142390,531,0.00373,4,876.58
2026-02-10,youtube,yt_v1,82899,1072,0.01294,21,1162.37
2026-02-10,youtube,yt_v2,73810,808,0.01095,16,1017.08
2026-02-10,youtube,yt_v3,50135,536,0.01069,8,726.48
2026-02-11,ctv,ctv_v1,34116,86,0.00255,1,1191.13
2026-02-11,ctv,ctv_v2,28295,69,0.00247,0,974.56
2026-02-11,paid_search,search_v1,82096,3447,0.04199,216,2283.68
2026-02-11,paid_search,search_v2,48004,1649,0.03436,91,1370.21
2026-02-11,paid_search,search_v3,33716,1130,0.03354,53,913.47
2026-02-11,paid_social,social_v1,235811,6128,0.02599,195,2308.58
2026-02-11,paid_social,social_v2,142539,2732,0.01917,64,1282.55
2026-02-11,paid_social,social_v3,107200,1747,0.0163,37,1026.04
2026-02-11,paid_social,social_v4,54176,865,0.01598,18,513.02
2026-02-11,programmatic_display,display_v1,236671,1239,0.00524,10,1395.41
2026-02-11,programmatic_display,display_v2,209891,924,0.0044,7,1220.99
2026-02-11,programmatic_display,display_v3,142879,599,0.0042,6,872.13
2026-02-11,youtube,yt_v1,93081,973,0.01046,15,1312.39
2026-02-11,youtube,yt_v2,85394,805,0.00944,14,1148.34
2026-02-11,youtube,yt_v3,57878,571,0.00987,8,820.24
2026-02-12,ctv,ctv_v1,40026,141,0.00354,2,1165.93
2026-02-12,ctv,ctv_v2,32059,81,0.00255,0,953.95
2026-02-12,paid_search,search_v1,73616,3281,0.04457,175,1982.45
2026-02-12,paid_search,search_v2,43651,1758,0.04028,99,1189.47
2026-02-12,paid_search,search_v3,27248,825,0.03031,35,792.98
2026-02-12,paid_social,social_v1,229969,6032,0.02623,172,2353.35
2026-02-12,paid_social,social_v2,124839,2634,0.0211,83,1307.42
2026-02-12,paid_social,social_v3,95271,1785,0.01874,42,1045.93
2026-02-12,paid_social,social_v4,49288,772,0.01568,16,522.97
2026-02-12,programmatic_display,display_v1,278622,1587,0.0057,17,1440.35
2026-02-12,programmatic_display,display_v2,228901,1019,0.00446,8,1260.3
2026-02-12,programmatic_display,display_v3,170599,658,0.00386,4,900.22
2026-02-12,youtube,yt_v1,95888,1151,0.01201,24,1341.26
2026-02-12,youtube,yt_v2,80375,790,0.00983,14,1173.6
2026-02-12,youtube,yt_v3,62146,556,0.00895,7,838.28
2026-02-13,ctv,ctv_v1,37225,107,0.0029,1,1368.03
2026-02-13,ctv,ctv_v2,30114,83,0.00277,1,1119.29
2026-02-13,paid_search,search_v1,71291,3523,0.04943,201,2040.62
2026-02-13,paid_search,search_v2,41087,1359,0.03308,66,1224.37
2026-02-13,paid_search,search_v3,27912,941,0.03373,46,816.25
2026-02-13,paid_social,social_v1,208473,5550,0.02662,200,2511.97
2026-02-13,paid_social,social_v2,112423,1932,0.01719,54,1395.54
2026-02-13,paid_social,social_v3,90772,1618,0.01783,39,1116.43
2026-02-13,paid_social,social_v4,45537,784,0.01722,15,558.22
2026-02-13,programmatic_display,display_v1,259471,1511,0.00582,14,1377.11
2026-02-13,programmatic_display,display_v2,229711,996,0.00434,6,1204.97
2026-02-13,programmatic_display,display_v3,158557,635,0.00401,5,860.69
2026-02-13,youtube,yt_v1,108567,1099,0.01012,22,1344.69
2026-02-13,youtube,yt_v2,94903,897,0.00946,18,1176.61
2026-02-13,youtube,yt_v3,69371,756,0.01091,12,840.43
2026-02-14,ctv,ctv_v1,26607,78,0.00295,1,969.14
2026-02-14,ctv,ctv_v2,21204,51,0.00241,0,792.93
2026-02-14,paid_search,search_v1,78851,3166,0.04016,206,1882.01
2026-02-14,paid_search,search_v2,49612,1803,0.03635,87,1129.21
2026-02-14,paid_search,search_v3,33524,1172,0.03497,61,752.8
2026-02-14,paid_social,social_v1,176681,4727,0.02676,185,2127.83
2026-02-14,paid_social,social_v2,105754,2125,0.0201,61,1182.13
2026-02-14,paid_social,social_v3,79480,1257,0.01582,29,945.7
2026-02-14,paid_social,social_v4,39826,481,0.0121,11,472.85
2026-02-14,programmatic_display,display_v1,177830,889,0.005,11,1204.46
2026-02-14,programmatic_display,display_v2,151578,700,0.00462,6,1053.91
2026-02-14,programmatic_display,display_v3,111642,490,0.0044,4,752.79
2026-02-14,youtube,yt_v1,95381,1085,0.01138,22,1166.7
2026-02-14,youtube,yt_v2,88439,813,0.0092,13,1020.86
2026-02-14,youtube,yt_v3,59867,657,0.01098,12,729.18
2026-02-15,ctv,ctv_v1,22456,57,0.00258,0,796.54
2026-02-15,ctv,ctv_v2,19186,56,0.00295,0,651.72
2026-02-15,paid_search,search_v1,59680,2556,0.04284,163,1487.09
2026-02-15,paid_search,search_v2,33319,1443,0.04333,81,892.25
2026-02-15,paid_search,search_v3,21784,748,0.03438,34,594.83
2026-02-15,paid_social,social_v1,183919,4696,0.02554,150,1861.29
2026-02-15,paid_social,social_v2,110258,2082,0.01889,52,1034.05
2026-02-15,paid_social,social_v3,84927,1208,0.01423,28,827.24
2026-02-15,paid_social,social_v4,41573,625,0.01504,13,413.62
2026-02-15,programmatic_display,display_v1,127952,579,0.00453,5,877.52
2026-02-15,programmatic_display,display_v2,110240,503,0.00456,5,767.83
2026-02-15,programmatic_display,display_v3,81844,313,0.00384,2,548.45
2026-02-15,youtube,yt_v1,74472,876,0.01176,12,1027.2
2026-02-15,youtube,yt_v2,66790,563,0.00843,9,898.8
2026-02-15,youtube,yt_v3,46452,432,0.00932,6,642.0
2026-02-16,ctv,ctv_v1,33706,100,0.00298,1,1074.45
2026-02-16,ctv,ctv_v2,26205,70,0.00269,1,879.1
2026-02-16,paid_search,search_v1,85332,3933,0.04609,249,1823.43
2026-02-16,paid_search,search_v2,48980,2005,0.04094,110,1094.06
2026-02-16,paid_search,search_v3,31859,1076,0.0338,56,729.37
2026-02-16,paid_social,social_v1,243782,5770,0.02367,164,2572.37
2026-02-16,paid_social,social_v2,142024,2771,0.01952,76,1429.1
2026-02-16,paid_social,social_v3,115724,2125,0.01837,51,1143.28
2026-02-16,paid_social,social_v4,57707,821,0.01423,18,571.64
2026-02-16,programmatic_display,display_v1,181965,962,0.00529,9,1228.36
2026-02-16,programmatic_display,display_v2,161356,771,0.00478,7,1074.82
2026-02-16,programmatic_display,display_v3,111358,463,0.00416,4,767.73
2026-02-16,youtube,yt_v1,76425,1013,0.01326,17,1300.14
2026-02-16,youtube,yt_v2,70056,654,0.00934,12,1137.62
2026-02-16,youtube,yt_v3,50586,515,0.01019,8,812.59
2026-02-17,ctv,ctv_v1,32339,100,0.00309,1,1248.42
2026-02-17,ctv,ctv_v2,28103,74,0.00266,0,1021.43
2026-02-17,paid_search,search_v1,66523,2874,0.04321,181,1836.36
2026-02-17,paid_search,search_v2,40321,1512,0.0375,75,1101.81
2026-02-17,paid_search,search_v3,26909,849,0.03158,37,734.54
2026-02-17,paid_social,social_v1,228392,5395,0.02362,164,2217.85
2026-02-17,paid_social,social_v2,123891,2102,0.01697,60,1232.14
2026-02-17,paid_social,social_v3,102504,1627,0.01588,49,985.71
2026-02-17,paid_social,social_v4,49460,705,0.01427,16,492.86
2026-02-17,programmatic_display,display_v1,231017,1302,0.00564,15,1209.16
2026-02-17,programmatic_display,display_v2,209353,943,0.00451,9,1058.01
2026-02-17,programmatic_display,display_v3,147946,648,0.00438,5,755.72
2026-02-17,youtube,yt_v1,77720,854,0.01099,16,1327.89
2026-02-17,youtube,yt_v2,67347,668,0.00993,11,1161.9
2026-02-17,youtube,yt_v3,46568,503,0.01081,7,829.93
2026-02-18,ctv,ctv_v1,37126,116,0.00315,1,1208.25
2026-02-18,ctv,ctv_v2,29083,72,0.00248,0,988.57
2026-02-18,paid_search,search_v1,79564,3180,0.03998,215,1992.07
2026-02-18,paid_search,search_v2,47856,1899,0.03969,94,1195.24
2026-02-18,paid_search,search_v3,32234,1063,0.03298,52,796.83
2026-02-18,paid_social,social_v1,257113,6360,0.02474,187,2386.21
2026-02-18,paid_social,social_v2,150010,2868,0.01912,76,1325.67
2026-02-18,paid_social,social_v3,121484,1817,0.01496,46,1060.54
2026-02-18,paid_social,social_v4,60614,857,0.01415,16,530.27
2026-02-18,programmatic_display,display_v1,229556,1335,0.00582,14,1284.19
2026-02-18,programmatic_display,display_v2,190051,843,0.00444,9,1123.67
2026-02-18,programmatic_display,display_v3,142317,566,0.00398,5,802.62
2026-02-18,youtube,yt_v1,69634,794,0.01142,16,1262.72
2026-02-18,youtube,yt_v2,61500,592,0.00964,10,1104.88
2026-02-18,youtube,yt_v3,46510,499,0.01074,7,789.2
2026-02-19,ctv,ctv_v1,28441,78,0.00275,1,1022.18
2026-02-19,ctv,ctv_v2,24086,55,0.0023,0,836.33
2026-02-19,paid_search,search_v1,118651,5304,0.0447,311,2825.5
2026-02-19,paid_search,search_v2,72781,2542,0.03493,152,1695.3
2026-02-19,paid_search,search_v3,49017,1785,0.03642,95,1130.2
2026-02-19,paid_social,social_v1,227695,5629,0.02472,181,2963.59
2026-02-19,paid_social,social_v2,128564,2839,0.02209,68,1646.44
2026-02-19,paid_social,social_v3,106936,1525,0.01427,35,1317.15
2026-02-19,paid_social,social_v4,50904,808,0.01588,15,658.58
2026-02-19,programmatic_display,display_v1,222873,1285,0.00577,11,1226.62
2026-02-19,programmatic_display,display_v2,191490,886,0.00463,8,1073.3
2026-02-19,programmatic_display,display_v3,143359,557,0.00389,5,766.64
2026-02-19,youtube,yt_v1,81433,896,0.01101,23,1230.62
2026-02-19,youtube,yt_v2,73502,749,0.0102,13,1076.79
2026-02-19,youtube,yt_v3,49309,449,0.00911,6,769.13
2026-02-20,ctv,ctv_v1,32816,101,0.00308,1,1133.64
2026-02-20,ctv,ctv_v2,25804,74,0.00289,1,927.52
2026-02-20,paid_search,search_v1,114955,4832,0.04204,320,2662.68
2026-02-20,paid_search,search_v2,71446,2823,0.03952,162,1597.61
2026-02-20,paid_search,search_v3,47724,1501,0.03146,64,1065.07
2026-02-20,paid_social,social_v1,242981,5379,0.02214,164,2519.57
2026-02-20,paid_social,social_v2,132425,2355,0.01778,60,1399.76
2026-02-20,paid_social,social_v3,99966,1359,0.0136,28,1119.81
2026-02-20,paid_social,social_v4,50950,809,0.0159,16,559.9
2026-02-20,programmatic_display,display_v1,195082,1088,0.00558,13,1302.57
2026-02-20,programmatic_display,display_v2,172543,770,0.00447,7,1139.75
2026-02-20,programmatic_display,display_v3,118345,423,0.00358,3,814.11
2026-02-20,youtube,yt_v1,108847,1216,0.01117,20,1575.8
2026-02-20,youtube,yt_v2,93741,821,0.00877,12,1378.82
2026-02-20,youtube,yt_v3,64657,671,0.01038,10,984.88
2026-02-21,ctv,ctv_v1,26935,86,0.00322,1,939.5
2026-02-21,ctv,ctv_v2,22776,56,0.00247,0,768.69
2026-02-21,paid_search,search_v1,73933,2680,0.03625,152,2070.57
2026-02-21,paid_search,search_v2,46590,1783,0.03829,92,1242.34
2026-02-21,paid_search,search_v3,30851,1011,0.03277,42,828.23
2026-02-21,paid_social,social_v1,231998,5470,0.02358,168,2271.01
2026-02-21,paid_social,social_v2,118835,2501,0.02105,79,1261.67
2026-02-21,paid_social,social_v3,95091,1471,0.01548,36,1009.34
2026-02-21,paid_social,social_v4,50162,734,0.01463,15,504.67
2026-02-21,programmatic_display,display_v1,175965,896,0.00509,8,1255.5
2026-02-21,programmatic_display,display_v2,160464,712,0.00444,5,1098.56
2026-02-21,programmatic_display,display_v3,112795,494,0.00438,4,784.69
2026-02-21,youtube,yt_v1,73717,885,0.01201,15,1041.65
2026-02-21,youtube,yt_v2,67951,728,0.01073,13,911.44
2026-02-21,youtube,yt_v3,48924,491,0.01004,6,651.03
2026-02-22,ctv,ctv_v1,28270,80,0.00286,1,904.74
2026-02-22,ctv,ctv_v2,23015,64,0.00281,0,740.25
2026-02-22,paid_search,search_v1,79706,3290,0.04128,156,1957.69
2026-02-22,paid_search,search_v2,50141,1817,0.03625,90,1174.61
2026-02-22,paid_search,search_v3,33270,1088,0.03271,47,783.08
2026-02-22,paid_social,social_v1,162526,3564,0.02193,99,1926.55
2026-02-22,paid_social,social_v2,96100,1770,0.01843,59,1070.31
2026-02-22,paid_social,social_v3,71875,1215,0.01691,25,856.25
2026-02-22,paid_social,social_v4,36236,587,0.01622,11,428.12
2026-02-22,programmatic_display,display_v1,174330,963,0.00553,10,1006.24
2026-02-22,programmatic_display,display_v2,160261,804,0.00502,7,880.46
2026-02-22,programmatic_display,display_v3,106776,463,0.00434,4,628.9
2026-02-22,youtube,yt_v1,56891,627,0.01103,14,967.09
2026-02-22,youtube,yt_v2,50289,486,0.00967,8,846.2
2026-02-22,youtube,yt_v3,36709,400,0.01091,6,604.43
2026-02-23,ctv,ctv_v1,36253,104,0.00289,1,1020.48
2026-02-23,ctv,ctv_v2,28684,79,0.00278,1,834.93
2026-02-23,paid_search,search_v1,89596,3968,0.04429,228,2681.38
2026-02-23,paid_search,search_v2,52421,1974,0.03767,94,1608.83
2026-02-23,paid_search,search_v3,35965,1338,0.03721,64,1072.55
2026-02-23,paid_social,social_v1,273635,5881,0.02149,175,2474.86
2026-02-23,paid_social,social_v2,157441,2854,0.01813,63,1374.92
2026-02-23,paid_social,social_v3,127296,1757,0.0138,37,1099.94
2026-02-23,paid_social,social_v4,60561,903,0.01491,16,549.97
2026-02-23,programmatic_display,display_v1,192984,953,0.00494,10,1302.41
2026-02-23,programmatic_display,display_v2,162756,836,0.00514,9,1139.61
2026-02-23,programmatic_display,display_v3,121329,552,0.00455,5,814.0
2026-02-23,youtube,yt_v1,77569,830,0.0107,13,1304.52
2026-02-23,youtube,yt_v2,70019,697,0.00996,8,1141.45
2026-02-23,youtube,yt_v3,49585,510,0.0103,6,815.32
2026-02-24,ctv,ctv_v1,37185,96,0.0026,1,1122.68
2026-02-24,ctv,ctv_v2,29080,75,0.0026,1,918.55
2026-02-24,paid_search,search_v1,100367,4580,0.04564,251,2775.93
2026-02-24,paid_search,search_v2,58942,2436,0.04135,135,1665.56
2026-02-24,paid_search,search_v3,38602,1330,0.03446,60,1110.37
2026-02-24,paid_social,social_v1,249215,5111,0.02051,154,2418.99
2026-02-24,paid_social,social_v2,137256,2809,0.02047,94,1343.88
2026-02-24,paid_social,social_v3,101791,1845,0.01813,45,1075.11
2026-02-24,paid_social,social_v4,55776,929,0.01666,19,537.55
2026-02-24,programmatic_display,display_v1,241601,1255,0.0052,15,1272.14
2026-02-24,programmatic_display,display_v2,199899,1101,0.00551,10,1113.12
2026-02-24,programmatic_display,display_v3,152897,578,0.00379,5,795.09
2026-02-24,youtube,yt_v1,80236,929,0.01158,15,1322.38
2026-02-24,youtube,yt_v2,65779,574,0.00874,8,1157.08
2026-02-24,youtube,yt_v3,46480,580,0.01248,9,826.49
2026-02-25,ctv,ctv_v1,32277,89,0.00276,1,1091.99
2026-02-25,ctv,ctv_v2,26897,74,0.00276,0,893.45
2026-02-25,paid_search,search_v1,106000,4645,0.04382,276,2686.63
2026-02-25,paid_search,search_v2,63835,2375,0.03722,130,1611.98
2026-02-25,paid_search,search_v3,42720,1482,0.0347,72,1074.65
2026-02-25,paid_social,social_v1,198990,4058,0.02039,127,2352.71
2026-02-25,paid_social,social_v2,105884,2246,0.02122,61,1307.06
2026-02-25,paid_social,social_v3,90203,1445,0.01602,31,1045.65
2026-02-25,paid_social,social_v4,46272,711,0.01537,14,522.82
2026-02-25,programmatic_display,display_v1,219287,1328,0.00606,13,1279.73
2026-02-25,programmatic_display,display_v2,192002,914,0.00476,8,1119.76
2026-02-25,programmatic_display,display_v3,139139,587,0.00422,4,799.83
2026-02-25,youtube,yt_v1,64750,755,0.01167,16,1136.79
2026-02-25,youtube,yt_v2,58534,574,0.00981,8,994.69
2026-02-25,youtube,yt_v3,40875,433,0.01059,8,710.49
2026-02-26,ctv,ctv_v1,38724,119,0.00309,1,1261.63
2026-02-26,ctv,ctv_v2,31455,89,0.00284,1,1032.25
2026-02-26,paid_search,search_v1,69008,2857,0.04141,183,2001.74
2026-02-26,paid_search,search_v2,44805,1667,0.03721,95,1201.04
2026-02-26,paid_search,search_v3,27332,866,0.0317,44,800.7
2026-02-26,paid_social,social_v1,201406,3623,0.01799,104,2261.96
2026-02-26,paid_social,social_v2,114158,1883,0.0165,58,1256.64
2026-02-26,paid_social,social_v3,89131,1287,0.01445,26,1005.31
2026-02-26,paid_social,social_v4,42011,619,0.01475,13,502.66
2026-02-26,programmatic_display,display_v1,239738,1312,0.00548,11,1284.62
2026-02-26,programmatic_display,display_v2,210288,1021,0.00486,10,1124.04
2026-02-26,programmatic_display,display_v3,155335,595,0.00383,5,802.89
2026-02-26,youtube,yt_v1,98296,1137,0.01158,23,1404.66
2026-02-26,youtube,yt_v2,84537,852,0.01008,15,1229.08
2026-02-26,youtube,yt_v3,59642,493,0.00828,8,877.91
2026-02-27,ctv,ctv_v1,37841,109,0.0029,1,1301.4
2026-02-27,ctv,ctv_v2,30824,87,0.00284,1,1064.78
2026-02-27,paid_search,search_v1,94662,3459,0.03655,212,2191.32
2026-02-27,paid_search,search_v2,59679,2089,0.03501,99,1314.79
2026-02-27,paid_search,search_v3,38887,1155,0.02973,58,876.53
2026-02-27,paid_social,social_v1,207296,4693,0.02264,151,2561.68
2026-02-27,paid_social,social_v2,109600,2075,0.01894,59,1423.16
2026-02-27,paid_social,social_v3,88070,1363,0.01548,29,1138.53
2026-02-27,paid_social,social_v4,42814,715,0.0167,12,569.26
2026-02-27,programmatic_display,display_v1,249229,1355,0.00544,16,1368.2
2026-02-27,programmatic_display,display_v2,200531,991,0.00495,10,1197.18
2026-02-27,programmatic_display,display_v3,143696,567,0.00395,6,855.13
2026-02-27,youtube,yt_v1,76732,721,0.0094,12,1310.09
2026-02-27,youtube,yt_v2,66199,579,0.00876,11,1146.33
2026-02-27,youtube,yt_v3,47713,500,0.0105,7,818.81
2026-02-28,ctv,ctv_v1,31080,87,0.00281,1,977.09
2026-02-28,ctv,ctv_v2,24707,74,0.00301,1,799.44
2026-02-28,paid_search,search_v1,53912,2351,0.04361,141,1778.46
2026-02-28,paid_search,search_v2,35421,1531,0.04325,64,1067.08
2026-02-28,paid_search,search_v3,21740,688,0.03167,32,711.39
2026-02-28,paid_social,social_v1,167418,3256,0.01945,100,1891.65
2026-02-28,paid_social,social_v2,93416,1692,0.01812,43,1050.91
2026-02-28,paid_social,social_v3,75943,1088,0.01433,26,840.73
2026-02-28,paid_social,social_v4,36585,636,0.01739,13,420.37
2026-02-28,programmatic_display,display_v1,180851,981,0.00543,9,1185.52
2026-02-28,programmatic_display,display_v2,160058,700,0.00438,8,1037.33
2026-02-28,programmatic_display,display_v3,112356,462,0.00411,4,740.95
2026-02-28,youtube,yt_v1,61495,669,0.01089,13,988.16
2026-02-28,youtube,yt_v2,52173,537,0.01031,9,864.64
2026-02-28,youtube,yt_v3,37992,340,0.00898,6,617.6
2026-03-01,ctv,ctv_v1,24956,78,0.00314,1,902.58
2026-03-01,ctv,ctv_v2,19919,61,0.00311,0,738.48
2026-03-01,paid_search,search_v1,62037,2769,0.04465,159,1691.7
2026-03-01,paid_search,search_v2,39752,1344,0.03382,65,1015.02
2026-03-01,paid_search,search_v3,24984,763,0.03058,39,676.68
2026-03-01,paid_social,social_v1,191507,3889,0.02031,105,2017.09
2026-03-01,paid_social,social_v2,103437,1986,0.0192,43,1120.61
2026-03-01,paid_social,social_v3,81991,1459,0.0178,36,896.49
2026-03-01,paid_social,social_v4,39678,576,0.01452,13,448.24
2026-03-01,programmatic_display,display_v1,166772,940,0.00564,10,1163.69
2026-03-01,programmatic_display,display_v2,136348,621,0.00456,5,1018.23
2026-03-01,programmatic_display,display_v3,102002,444,0.00436,3,727.3
2026-03-01,youtube,yt_v1,78309,938,0.01198,20,1121.77
2026-03-01,youtube,yt_v2,69806,572,0.0082,10,981.55
2026-03-01,youtube,yt_v3,49708,500,0.01006,7,701.11
2026-03-02,ctv,ctv_v1,30812,102,0.00332,1,1169.64
2026-03-02,ctv,ctv_v2,25921,65,0.00254,0,956.97
2026-03-02,paid_search,search_v1,76934,3150,0.04095,219,2187.45
2026-03-02,paid_search,search_v2,45012,1652,0.03672,81,1312.47
2026-03-02,paid_search,search_v3,30282,938,0.03098,45,874.98
2026-03-02,paid_social,social_v1,206042,4088,0.01984,132,2576.79
2026-03-02,paid_social,social_v2,117927,2454,0.02081,61,1431.55
2026-03-02,paid_social,social_v3,97956,1472,0.01503,35,1145.24
2026-03-02,paid_social,social_v4,46135,645,0.01399,12,572.62
2026-03-02,programmatic_display,display_v1,226470,1360,0.00601,16,1291.6
2026-03-02,programmatic_display,display_v2,214862,972,0.00453,8,1130.15
2026-03-02,programmatic_display,display_v3,146422,500,0.00342,5,807.25
2026-03-02,youtube,yt_v1,74689,837,0.01121,15,1324.67
2026-03-02,youtube,yt_v2,64648,548,0.00848,10,1159.09
2026-03-02,youtube,yt_v3,48130,538,0.01119,8,827.92
2026-03-03,ctv,ctv_v1,37332,115,0.00309,1,1103.82
2026-03-03,ctv,ctv_v2,29304,77,0.00266,0,903.13
2026-03-03,paid_search,search_v1,96770,4226,0.04368,203,2150.19
2026-03-03,paid_search,search_v2,59477,2163,0.03637,96,1290.11
2026-03-03,paid_search,search_v3,39419,1289,0.03272,65,860.08
2026-03-03,paid_social,social_v1,197205,3631,0.01841,79,2502.31
2026-03-03,paid_social,social_v2,114205,2123,0.0186,59,1390.17
2026-03-03,paid_social,social_v3,88252,1365,0.01547,31,1112.14
2026-03-03,paid_social,social_v4,45523,702,0.01543,16,556.07
2026-03-03,programmatic_display,display_v1,208930,1085,0.00519,10,1358.59
2026-03-03,programmatic_display,display_v2,182715,863,0.00473,8,1188.76
2026-03-03,programmatic_display,display_v3,133669,538,0.00403,3,849.12
2026-03-03,youtube,yt_v1,97803,1103,0.01128,14,1171.3
2026-03-03,youtube,yt_v2,82423,742,0.00901,14,1024.89
2026-03-03,youtube,yt_v3,57280,520,0.00908,6,732.07
2026-03-04,ctv,ctv_v1,29271,90,0.00309,1,1051.65
2026-03-04,ctv,ctv_v2,23768,65,0.00278,0,860.44
2026-03-04,paid_search,search_v1,78065,3164,0.04054,145,2178.72
2026-03-04,paid_search,search_v2,48409,1950,0.04029,109,1307.23
2026-03-04,paid_search,search_v3,30941,975,0.03154,46,871.49
2026-03-04,paid_social,social_v1,201286,4136,0.02055,117,2331.0
2026-03-04,paid_social,social_v2,109675,1936,0.01766,57,1295.0
2026-03-04,paid_social,social_v3,87722,1267,0.01444,26,1036.0
2026-03-04,paid_social,social_v4,45558,708,0.01555,12,518.0
2026-03-04,programmatic_display,display_v1,171001,953,0.00558,9,1160.12
2026-03-04,programmatic_display,display_v2,151350,743,0.00491,7,1015.1
2026-03-04,programmatic_display,display_v3,105133,390,0.00371,3,725.07
2026-03-04,youtube,yt_v1,78909,907,0.0115,17,1466.33
2026-03-04,youtube,yt_v2,68059,664,0.00976,13,1283.04
2026-03-04,youtube,yt_v3,49882,503,0.01009,8,916.46
2026-03-05,ctv,ctv_v1,29818,78,0.00262,1,1081.5
2026-03-05,ctv,ctv_v2,25951,74,0.00286,0,884.86
2026-03-05,paid_search,search_v1,68445,2787,0.04072,127,1892.13
2026-03-05,paid_search,search_v2,43395,1688,0.03891,93,1135.28
2026-03-05,paid_search,search_v3,27533,1028,0.03737,45,756.85
2026-03-05,paid_social,social_v1,197667,3686,0.01865,109,2496.54
2026-03-05,paid_social,social_v2,105216,2322,0.02207,62,1386.97
2026-03-05,paid_social,social_v3,87467,1281,0.01465,32,1109.57
2026-03-05,paid_social,social_v4,41290,645,0.01564,11,554.79
2026-03-05,programmatic_display,display_v1,170144,823,0.00484,9,1275.0
2026-03-05,programmatic_display,display_v2,148482,705,0.00475,7,1115.63
2026-03-05,programmatic_display,display_v3,108884,444,0.00408,3,796.88
2026-03-05,youtube,yt_v1,78810,842,0.01069,17,1353.49
2026-03-05,youtube,yt_v2,72185,707,0.0098,12,1184.3
2026-03-05,youtube,yt_v3,52337,589,0.01126,8,845.93
2026-03-06,ctv,ctv_v1,34865,99,0.00285,1,1142.81
2026-03-06,ctv,ctv_v2,28362,62,0.00222,0,935.02
2026-03-06,paid_search,search_v1,64920,3039,0.04682,202,1975.58
2026-03-06,paid_search,search_v2,39313,1494,0.03803,76,1185.35
2026-03-06,paid_search,search_v3,26242,836,0.03187,46,790.23
2026-03-06,paid_social,social_v1,197165,3641,0.01847,99,2414.63
2026-03-06,paid_social,social_v2,106828,2228,0.02086,63,1341.46
2026-03-06,paid_social,social_v3,88767,1264,0.01425,35,1073.17
2026-03-06,paid_social,social_v4,42585,654,0.01536,12,536.59
2026-03-06,programmatic_display,display_v1,227252,1302,0.00573,14,1423.12
2026-03-06,programmatic_display,display_v2,192076,915,0.00476,10,1245.23
2026-03-06,programmatic_display,display_v3,137397,555,0.00404,4,889.45
2026-03-06,youtube,yt_v1,101972,1269,0.01245,25,1318.92
2026-03-06,youtube,yt_v2,91628,849,0.00927,16,1154.06
2026-03-06,youtube,yt_v3,67199,613,0.00914,10,824.33
2026-03-07,ctv,ctv_v1,31145,95,0.00308,1,891.58
2026-03-07,ctv,ctv_v2,24000,65,0.00272,0,729.47
2026-03-07,paid_search,search_v1,57415,2420,0.04215,159,1655.57
2026-03-07,paid_search,search_v2,34189,1499,0.04385,64,993.34
2026-03-07,paid_search,search_v3,23643,889,0.03761,39,662.23
2026-03-07,paid_social,social_v1,183440,2931,0.01598,88,2182.37
2026-03-07,paid_social,social_v2,94379,1963,0.02081,49,1212.43
2026-03-07,paid_social,social_v3,74222,1218,0.01641,31,969.94
2026-03-07,paid_social,social_v4,38181,568,0.01489,12,484.97
2026-03-07,programmatic_display,display_v1,208010,1221,0.00587,12,1157.47
2026-03-07,programmatic_display,display_v2,179561,916,0.0051,8,1012.79
2026-03-07,programmatic_display,display_v3,122891,478,0.00389,4,723.42
2026-03-07,youtube,yt_v1,75917,915,0.01206,19,1226.52
2026-03-07,youtube,yt_v2,69421,699,0.01008,15,1073.2
2026-03-07,youtube,yt_v3,49326,429,0.00871,8,766.57
2026-03-08,ctv,ctv_v1,25413,81,0.0032,1,948.74
2026-03-08,ctv,ctv_v2,22614,55,0.00244,0,776.24
2026-03-08,paid_search,search_v1,51951,2379,0.04581,124,1350.93
2026-03-08,paid_search,search_v2,28916,1018,0.03522,58,810.56
2026-03-08,paid_search,search_v3,19798,704,0.03561,29,540.37
2026-03-08,paid_social,social_v1,177514,3217,0.01812,97,1651.86
2026-03-08,paid_social,social_v2,95684,1793,0.01874,42,917.7
2026-03-08,paid_social,social_v3,79000,1110,0.01405,26,734.16
2026-03-08,paid_social,social_v4,37616,591,0.01573,12,367.08
2026-03-08,programmatic_display,display_v1,150760,736,0.00489,7,1037.42
2026-03-08,programmatic_display,display_v2,135468,664,0.0049,7,907.74
2026-03-08,programmatic_display,display_v3,96345,341,0.00355,3,648.38
2026-03-08,youtube,yt_v1,87826,1051,0.01198,26,1033.08
2026-03-08,youtube,yt_v2,75833,642,0.00848,10,903.94
2026-03-08,youtube,yt_v3,51012,495,0.00972,8,645.67
2026-03-09,ctv,ctv_v1,31888,101,0.0032,1,1233.4
2026-03-09,ctv,ctv_v2,26058,72,0.00279,0,1009.15
2026-03-09,paid_search,search_v1,73823,3209,0.04348,152,1807.11
2026-03-09,paid_search,search_v2,45291,1583,0.03497,86,1084.26
2026-03-09,paid_search,search_v3,30712,1109,0.03612,57,722.84
2026-03-09,paid_social,social_v1,196155,2969,0.01514,75,2299.91
2026-03-09,paid_social,social_v2,107842,2268,0.02103,62,1277.73
2026-03-09,paid_social,social_v3,89296,1708,0.01913,34,1022.18
2026-03-09,paid_social,social_v4,40807,568,0.01394,11,511.09
2026-03-09,programmatic_display,display_v1,238576,1085,0.00455,11,1352.59
2026-03-09,programmatic_display,display_v2,199974,992,0.00496,9,1183.52
2026-03-09,programmatic_display,display_v3,138881,535,0.00386,4,845.37
2026-03-09,youtube,yt_v1,75423,837,0.0111,17,1257.17
2026-03-09,youtube,yt_v2,64011,605,0.00945,11,1100.03
2026-03-09,youtube,yt_v3,45060,471,0.01045,8,785.73
2026-03-10,ctv,ctv_v1,30316,114,0.00378,1,1029.87
2026-03-10,ctv,ctv_v2,23634,70,0.00298,0,842.62
2026-03-10,paid_search,search_v1,74208,3683,0.04964,227,1839.23
2026-03-10,paid_search,search_v2,44095,1749,0.03969,93,1103.54
2026-03-10,paid_search,search_v3,30571,1043,0.03412,52,735.69
2026-03-10,paid_social,social_v1,191452,3294,0.01721,92,2072.23
2026-03-10,paid_social,social_v2,102268,1701,0.01664,53,1151.24
2026-03-10,paid_social,social_v3,88420,1296,0.01467,26,920.99
2026-03-10,paid_social,social_v4,41299,594,0.01439,12,460.5
2026-03-10,programmatic_display,display_v1,177169,982,0.00554,9,1347.9
2026-03-10,programmatic_display,display_v2,163781,820,0.00501,8,1179.41
2026-03-10,programmatic_display,display_v3,111629,466,0.00418,4,842.43
2026-03-10,youtube,yt_v1,72487,759,0.01047,14,1229.32
2026-03-10,youtube,yt_v2,64116,649,0.01013,11,1075.65
2026-03-10,youtube,yt_v3,47911,490,0.01024,8,768.32
2026-03-11,ctv,ctv_v1,30966,86,0.00279,1,1168.64
2026-03-11,ctv,ctv_v2,26840,70,0.00261,0,956.16
2026-03-11,paid_search,search_v1,65586,2794,0.04261,160,1784.01
2026-03-11,paid_search,search_v2,37475,1432,0.03823,73,1070.4
2026-03-11,paid_search,search_v3,26877,819,0.03048,35,713.6
2026-03-11,paid_social,social_v1,179940,2985,0.01659,80,2116.14
2026-03-11,paid_social,social_v2,102246,1842,0.01802,48,1175.63
2026-03-11,paid_social,social_v3,81047,1548,0.0191,35,940.51
2026-03-11,paid_social,social_v4,42352,528,0.01248,10,470.25
2026-03-11,programmatic_display,display_v1,229166,1262,0.00551,15,1400.2
2026-03-11,programmatic_display,display_v2,196172,1025,0.00523,9,1225.17
2026-03-11,programmatic_display,display_v3,144937,606,0.00419,5,875.12
2026-03-11,youtube,yt_v1,82332,819,0.00996,15,1332.61
2026-03-11,youtube,yt_v2,72605,667,0.0092,10,1166.03
2026-03-11,youtube,yt_v3,54741,632,0.01156,10,832.88
2026-03-12,ctv,ctv_v1,29833,101,0.00341,1,1153.93
2026-03-12,ctv,ctv_v2,24029,72,0.00301,1,944.13
2026-03-12,paid_search,search_v1,99222,3895,0.03926,204,2623.97
2026-03-12,paid_search,search_v2,56991,2266,0.03976,126,1574.38
2026-03-12,paid_search,search_v3,41612,1552,0.03731,84,1049.59
2026-03-12,paid_social,social_v1,222134,3808,0.01714,117,2685.05
2026-03-12,paid_social,social_v2,127435,2696,0.02116,69,1491.69
2026-03-12,paid_social,social_v3,106047,1393,0.01314,32,1193.35
2026-03-12,paid_social,social_v4,50342,759,0.0151,13,596.68
2026-03-12,programmatic_display,display_v1,200850,1036,0.00516,11,1314.07
2026-03-12,programmatic_display,display_v2,168289,913,0.00543,9,1149.81
2026-03-12,programmatic_display,display_v3,121013,557,0.00461,4,821.29
2026-03-12,youtube,yt_v1,81839,1027,0.01256,21,1333.9
2026-03-12,youtube,yt_v2,64916,611,0.00943,11,1167.16
2026-03-12,youtube,yt_v3,48809,452,0.00926,7,833.69
2026-03-13,ctv,ctv_v1,40730,109,0.0027,1,1247.77
2026-03-13,ctv,ctv_v2,32847,93,0.00285,1,1020.9
2026-03-13,paid_search,search_v1,141530,6596,0.04661,344,3053.38
2026-03-13,paid_search,search_v2,81894,2851,0.03482,139,1832.02
2026-03-13,paid_search,search_v3,53035,1844,0.03478,93,1221.35
2026-03-13,paid_social,social_v1,207437,3236,0.0156,96,2658.75
2026-03-13,paid_social,social_v2,109480,2088,0.01908,64,1477.08
2026-03-13,paid_social,social_v3,94957,1440,0.01517,35,1181.67
2026-03-13,paid_social,social_v4,45348,678,0.01497,14,590.83
2026-03-13,programmatic_display,display_v1,247993,1408,0.00568,16,1282.97
2026-03-13,programmatic_display,display_v2,214841,1054,0.00491,10,1122.6
2026-03-13,programmatic_display,display_v3,163967,676,0.00412,6,801.86
2026-03-13,youtube,yt_v1,104326,1080,0.01036,24,1321.55
2026-03-13,youtube,yt_v2,95206,828,0.0087,14,1156.36
2026-03-13,youtube,yt_v3,62636,613,0.0098,9,825.97
2026-03-14,ctv,ctv_v1,29685,78,0.00264,1,988.85
2026-03-14,ctv,ctv_v2,22601,65,0.00288,0,809.06
2026-03-14,paid_search,search_v1,68498,2856,0.04171,171,2117.68
2026-03-14,paid_search,search_v2,41849,1690,0.04039,96,1270.61
2026-03-14,paid_search,search_v3,28873,969,0.03358,41,847.07
2026-03-14,paid_social,social_v1,150935,2472,0.01638,70,1911.74
2026-03-14,paid_social,social_v2,79718,1618,0.0203,46,1062.08
2026-03-14,paid_social,social_v3,67885,1114,0.01641,25,849.66
2026-03-14,paid_social,social_v4,33999,494,0.01456,9,424.83
2026-03-14,programmatic_display,display_v1,176261,921,0.00523,9,1109.41
2026-03-14,programmatic_display,display_v2,168127,748,0.00445,7,970.73
2026-03-14,programmatic_display,display_v3,111799,476,0.00426,3,693.38
2026-03-14,youtube,yt_v1,71938,793,0.01102,15,1013.86
2026-03-14,youtube,yt_v2,66336,603,0.0091,9,887.12
2026-03-14,youtube,yt_v3,45661,466,0.01022,9,633.66
2026-03-15,ctv,ctv_v1,26138,84,0.00322,1,820.34
2026-03-15,ctv,ctv_v2,20006,55,0.0028,0,671.19
2026-03-15,paid_search,search_v1,70878,3213,0.04534,187,2274.03
2026-03-15,paid_search,search_v2,45645,1933,0.04235,114,1364.41
2026-03-15,paid_search,search_v3,28804,1005,0.03491,48,909.61
2026-03-15,paid_social,social_v1,165106,2553,0.01547,68,1695.9
2026-03-15,paid_social,social_v2,95804,1870,0.01953,49,942.16
2026-03-15,paid_social,social_v3,73778,1243,0.01685,29,753.73
2026-03-15,paid_social,social_v4,35380,573,0.0162,13,376.87
2026-03-15,programmatic_display,display_v1,108804,608,0.00559,6,806.83
2026-03-15,programmatic_display,display_v2,98930,484,0.00489,5,705.97
2026-03-15,programmatic_display,display_v3,68401,261,0.00382,2,504.27
2026-03-15,youtube,yt_v1,67790,686,0.01013,14,1030.66
2026-03-15,youtube,yt_v2,65291,645,0.00988,13,901.82
2026-03-15,youtube,yt_v3,45543,439,0.00965,7,644.16
2026-03-16,ctv,ctv_v1,26100,72,0.00276,1,1030.95
2026-03-16,ctv,ctv_v2,22210,59,0.00269,0,843.51
2026-03-16,paid_search,search_v1,97477,4195,0.04304,258,2333.29
2026-03-16,paid_search,search_v2,62749,2227,0.0355,134,1399.97
2026-03-16,paid_search,search_v3,39667,1407,0.03549,67,933.32
2026-03-16,paid_social,social_v1,149127,2216,0.01486,59,1863.69
2026-03-16,paid_social,social_v2,90421,1593,0.01762,43,1035.38
2026-03-16,paid_social,social_v3,69701,1185,0.01701,24,828.31
2026-03-16,paid_social,social_v4,36262,500,0.0138,11,414.15
2026-03-16,programmatic_display,display_v1,194009,1159,0.00598,11,1299.19
2026-03-16,programmatic_display,display_v2,175937,773,0.00439,7,1136.79
2026-03-16,programmatic_display,display_v3,119263,518,0.00434,4,812.0
2026-03-16,youtube,yt_v1,104914,1131,0.01078,23,1252.98
2026-03-16,youtube,yt_v2,92693,925,0.00999,17,1096.36
2026-03-16,youtube,yt_v3,66174,737,0.01115,11,783.12
2026-03-17,ctv,ctv_v1,39280,98,0.00252,1,1191.15
2026-03-17,ctv,ctv_v2,33028,88,0.00269,1,974.58
2026-03-17,paid_search,search_v1,92561,4558,0.04925,276,2637.45
2026-03-17,paid_search,search_v2,60437,2319,0.03838,116,1582.47
2026-03-17,paid_search,search_v3,36721,1244,0.03388,60,1054.98
2026-03-17,paid_social,social_v1,192874,3237,0.01678,88,2326.61
2026-03-17,paid_social,social_v2,103806,2035,0.01961,52,1292.56
2026-03-17,paid_social,social_v3,88637,1332,0.01503,28,1034.05
2026-03-17,paid_social,social_v4,41791,641,0.01534,11,517.02
2026-03-17,programmatic_display,display_v1,157225,901,0.00574,9,967.94
2026-03-17,programmatic_display,display_v2,136487,646,0.00474,6,846.94
2026-03-17,programmatic_display,display_v3,103635,416,0.00402,3,604.96
2026-03-17,youtube,yt_v1,81414,924,0.01136,17,1164.86
2026-03-17,youtube,yt_v2,71563,627,0.00877,10,1019.26
2026-03-17,youtube,yt_v3,49849,427,0.00857,5,728.04
2026-03-18,ctv,ctv_v1,40178,128,0.00321,2,1279.12
2026-03-18,ctv,ctv_v2,32078,78,0.00245,0,1046.55
2026-03-18,paid_search,search_v1,112550,4118,0.0366,219,2680.36
2026-03-18,paid_search,search_v2,72855,2443,0.03354,135,1608.22
2026-03-18,paid_search,search_v3,44575,1560,0.03501,78,1072.15
2026-03-18,paid_social,social_v1,280488,3626,0.01293,103,2894.56
2026-03-18,paid_social,social_v2,161476,3026,0.01874,68,1608.09
2026-03-18,paid_social,social_v3,119028,1957,0.01645,52,1286.47
2026-03-18,paid_social,social_v4,61361,943,0.01538,18,643.24
2026-03-18,programmatic_display,display_v1,156246,1026,0.00657,10,1108.17
2026-03-18,programmatic_display,display_v2,136166,536,0.00394,5,969.65
2026-03-18,programmatic_display,display_v3,96219,375,0.0039,3,692.61
2026-03-18,youtube,yt_v1,80496,935,0.01162,20,1130.71
2026-03-18,youtube,yt_v2,74929,757,0.0101,14,989.37
2026-03-18,youtube,yt_v3,51555,531,0.0103,7,706.69
2026-03-19,ctv,ctv_v1,25749,80,0.00314,1,964.34
2026-03-19,ctv,ctv_v2,20700,58,0.00282,0,789.01
2026-03-19,paid_search,search_v1,78177,3358,0.04296,157,2341.12
2026-03-19,paid_search,search_v2,48481,2293,0.0473,106,1404.67
2026-03-19,paid_search,search_v3,32880,1122,0.03414,49,936.45
2026-03-19,paid_social,social_v1,251524,4223,0.01679,117,2492.73
2026-03-19,paid_social,social_v2,142200,2463,0.01733,54,1384.85
2026-03-19,paid_social,social_v3,114873,1868,0.01627,50,1107.88
2026-03-19,paid_social,social_v4,58474,915,0.01565,23,553.94
2026-03-19,programmatic_display,display_v1,192672,996,0.00517,12,1331.26
2026-03-19,programmatic_display,display_v2,169732,763,0.0045,8,1164.85
2026-03-19,programmatic_display,display_v3,116084,473,0.00408,3,832.03
2026-03-19,youtube,yt_v1,96966,1034,0.01067,18,1343.38
2026-03-19,youtube,yt_v2,81776,615,0.00753,13,1175.46
2026-03-19,youtube,yt_v3,58009,581,0.01002,9,839.62
2026-03-20,ctv,ctv_v1,41721,126,0.00303,1,1248.24
2026-03-20,ctv,ctv_v2,33063,91,0.00278,1,1021.29
2026-03-20,paid_search,search_v1,101874,4092,0.04017,270,2427.91
2026-03-20,paid_search,search_v2,58167,2300,0.03955,137,1456.75
2026-03-20,paid_search,search_v3,40734,1260,0.03094,66,971.17
2026-03-20,paid_social,social_v1,253171,3323,0.01313,87,2366.65
2026-03-20,paid_social,social_v2,147042,2902,0.01974,82,1314.81
2026-03-20,paid_social,social_v3,110358,1775,0.01609,48,1051.84
2026-03-20,paid_social,social_v4,58287,856,0.01469,17,525.92
2026-03-20,programmatic_display,display_v1,236296,1229,0.0052,14,1371.4
2026-03-20,programmatic_display,display_v2,207302,991,0.00478,9,1199.98
2026-03-20,programmatic_display,display_v3,151872,628,0.00414,5,857.13
2026-03-20,youtube,yt_v1,75452,792,0.01051,14,1071.95
2026-03-20,youtube,yt_v2,65702,726,0.01106,11,937.96
2026-03-20,youtube,yt_v3,48262,506,0.0105,7,669.97
2026-03-21,ctv,ctv_v1,30548,106,0.00347,1,1101.88
2026-03-21,ctv,ctv_v2,24931,66,0.00269,1,901.53
2026-03-21,paid_search,search_v1,70612,3014,0.04269,195,1997.93
2026-03-21,paid_search,search_v2,40386,1604,0.03974,68,1198.76
2026-03-21,paid_search,search_v3,27401,971,0.03546,54,799.17
2026-03-21,paid_social,social_v1,170153,3021,0.01776,95,2101.76
2026-03-21,paid_social,social_v2,99761,1602,0.01606,37,1167.64
2026-03-21,paid_social,social_v3,76068,1187,0.01561,26,934.12
2026-03-21,paid_social,social_v4,38362,627,0.01635,12,467.06
2026-03-21,programmatic_display,display_v1,150362,792,0.00527,9,984.1
2026-03-21,programmatic_display,display_v2,138454,659,0.00476,6,861.08
2026-03-21,programmatic_display,display_v3,98684,419,0.00425,3,615.06
2026-03-21,youtube,yt_v1,64383,734,0.01141,15,1097.9
2026-03-21,youtube,yt_v2,53414,418,0.00783,7,960.66
2026-03-21,youtube,yt_v3,39360,431,0.01095,7,686.18
2026-03-22,ctv,ctv_v1,29982,82,0.00276,1,922.21
2026-03-22,ctv,ctv_v2,22864,66,0.00291,0,754.54
2026-03-22,paid_search,search_v1,59563,2302,0.03866,130,1741.95
2026-03-22,paid_search,search_v2,36356,1262,0.03474,53,1045.17
2026-03-22,paid_search,search_v3,24677,1042,0.04225,47,696.78
2026-03-22,paid_social,social_v1,154037,1969,0.01279,58,1687.98
2026-03-22,paid_social,social_v2,89235,1553,0.01741,44,937.77
2026-03-22,paid_social,social_v3,69752,1226,0.01758,29,750.21
2026-03-22,paid_social,social_v4,33794,519,0.01536,11,375.11
2026-03-22,programmatic_display,display_v1,152286,852,0.00559,9,963.52
2026-03-22,programmatic_display,display_v2,138713,679,0.0049,7,843.08
2026-03-22,programmatic_display,display_v3,97032,440,0.00454,4,602.2
2026-03-22,youtube,yt_v1,72400,845,0.01168,16,981.72
2026-03-22,youtube,yt_v2,64848,563,0.00868,8,859.01
2026-03-22,youtube,yt_v3,46691,490,0.01051,7,613.58
2026-03-23,ctv,ctv_v1,32870,101,0.00309,1,1213.64
2026-03-23,ctv,ctv_v2,26050,74,0.00286,0,992.97
2026-03-23,paid_search,search_v1,75132,2819,0.03753,136,2134.78
2026-03-23,paid_search,search_v2,45358,1414,0.03118,63,1280.87
2026-03-23,paid_search,search_v3,29406,967,0.03292,47,853.91
2026-03-23,paid_social,social_v1,172154,2054,0.01193,62,2306.97
2026-03-23,paid_social,social_v2,96253,1840,0.01912,46,1281.65
2026-03-23,paid_social,social_v3,76767,1034,0.01348,24,1025.32
2026-03-23,paid_social,social_v4,40598,603,0.01486,14,512.66
2026-03-23,programmatic_display,display_v1,205209,1149,0.0056,12,1406.01
2026-03-23,programmatic_display,display_v2,194450,854,0.0044,7,1230.26
2026-03-23,programmatic_display,display_v3,139990,518,0.0037,4,878.75
2026-03-23,youtube,yt_v1,81154,873,0.01076,18,1399.02
2026-03-23,youtube,yt_v2,71078,713,0.01004,15,1224.14
2026-03-23,youtube,yt_v3,52197,487,0.00935,9,874.39
2026-03-24,ctv,ctv_v1,31242,100,0.00322,1,1115.16
2026-03-24,ctv,ctv_v2,25879,66,0.00256,0,912.4
2026-03-24,paid_search,search_v1,103170,4124,0.03997,229,2408.39
2026-03-24,paid_search,search_v2,60698,2153,0.03547,116,1445.03
2026-03-24,paid_search,search_v3,40477,1363,0.03369,75,963.35
2026-03-24,paid_social,social_v1,218628,2879,0.01317,86,2449.42
2026-03-24,paid_social,social_v2,123304,2368,0.01921,61,1360.79
2026-03-24,paid_social,social_v3,104036,1567,0.01507,46,1088.63
2026-03-24,paid_social,social_v4,48032,747,0.01557,18,544.31
2026-03-24,programmatic_display,display_v1,219290,1369,0.00625,13,1246.78
2026-03-24,programmatic_display,display_v2,187882,919,0.0049,9,1090.93
2026-03-24,programmatic_display,display_v3,131829,564,0.00428,4,779.24
2026-03-24,youtube,yt_v1,89360,952,0.01066,16,1245.83
2026-03-24,youtube,yt_v2,74379,718,0.00967,11,1090.1
2026-03-24,youtube,yt_v3,52681,592,0.01124,9,778.64
2026-03-25,ctv,ctv_v1,39028,108,0.00278,1,1153.54
2026-03-25,ctv,ctv_v2,29287,80,0.00275,1,943.81
2026-03-25,paid_search,search_v1,70686,2807,0.03972,162,2196.39
2026-03-25,paid_search,search_v2,42640,1736,0.04072,97,1317.83
2026-03-25,paid_search,search_v3,29250,1016,0.03474,43,878.56
2026-03-25,paid_social,social_v1,185474,2989,0.01612,90,2368.63
2026-03-25,paid_social,social_v2,97434,1890,0.01941,44,1315.9
2026-03-25,paid_social,social_v3,83550,1293,0.01548,31,1052.72
2026-03-25,paid_social,social_v4,41196,698,0.01695,15,526.36
2026-03-25,programmatic_display,display_v1,279613,1498,0.00536,19,1522.0
2026-03-25,programmatic_display,display_v2,243611,1336,0.00549,12,1331.75
2026-03-25,programmatic_display,display_v3,162581,629,0.00387,5,951.25
2026-03-25,youtube,yt_v1,100883,1091,0.01082,17,1340.91
2026-03-25,youtube,yt_v2,88062,801,0.00911,15,1173.3
2026-03-25,youtube,yt_v3,57303,606,0.01059,10,838.07
2026-03-26,ctv,ctv_v1,28917,87,0.00302,1,1017.24
2026-03-26,ctv,ctv_v2,23233,55,0.00241,0,832.28
2026-03-26,paid_search,search_v1,74306,2928,0.03941,197,1800.61
2026-03-26,paid_search,search_v2,42513,1615,0.03799,86,1080.37
2026-03-26,paid_search,search_v3,30572,1028,0.03364,45,720.24
2026-03-26,paid_social,social_v1,239133,3487,0.01459,103,2564.73
2026-03-26,paid_social,social_v2,129987,2988,0.02299,91,1424.85
2026-03-26,paid_social,social_v3,104752,1574,0.01503,41,1139.88
2026-03-26,paid_social,social_v4,52888,717,0.01357,14,569.94
2026-03-26,programmatic_display,display_v1,177507,918,0.00518,9,1283.8
2026-03-26,programmatic_display,display_v2,154005,789,0.00513,7,1123.33
2026-03-26,programmatic_display,display_v3,106019,335,0.00316,2,802.38
2026-03-26,youtube,yt_v1,84414,1000,0.01185,25,1243.87
2026-03-26,youtube,yt_v2,75551,774,0.01025,12,1088.38
2026-03-26,youtube,yt_v3,53252,578,0.01086,10,777.42
2026-03-27,ctv,ctv_v1,30367,90,0.00299,1,979.84
2026-03-27,ctv,ctv_v2,26554,74,0.0028,0,801.68
2026-03-27,paid_search,search_v1,84925,3371,0.0397,225,1869.64
2026-03-27,paid_search,search_v2,48796,1875,0.03843,93,1121.78
2026-03-27,paid_search,search_v3,33635,1388,0.04127,63,747.86
2026-03-27,paid_social,social_v1,204590,2656,0.01298,102,2544.19
2026-03-27,paid_social,social_v2,121254,2288,0.01887,49,1413.44
2026-03-27,paid_social,social_v3,92476,1381,0.01494,37,1130.75
2026-03-27,paid_social,social_v4,46220,715,0.01548,17,565.38
2026-03-27,programmatic_display,display_v1,188500,922,0.0049,9,1363.8
2026-03-27,programmatic_display,display_v2,160352,780,0.00487,10,1193.32
2026-03-27,programmatic_display,display_v3,119265,508,0.00426,3,852.38
2026-03-27,youtube,yt_v1,89365,940,0.01053,16,1332.07
2026-03-27,youtube,yt_v2,79404,751,0.00947,13,1165.56
2026-03-27,youtube,yt_v3,60229,603,0.01003,9,832.54
2026-03-28,ctv,ctv_v1,31184,87,0.00282,1,1077.66
2026-03-28,ctv,ctv_v2,27096,76,0.00281,1,881.73
2026-03-28,paid_search,search_v1,58385,2343,0.04015,133,1552.78
2026-03-28,paid_search,search_v2,33756,1198,0.03551,64,931.66
2026-03-28,paid_search,search_v3,23484,753,0.0321,35,621.11
2026-03-28,paid_social,social_v1,221841,3306,0.01491,104,2136.22
2026-03-28,paid_social,social_v2,132566,2777,0.02095,69,1186.79
2026-03-28,paid_social,social_v3,98217,1636,0.01666,37,949.43
2026-03-28,paid_social,social_v4,49154,790,0.01609,18,474.71
2026-03-28,programmatic_display,display_v1,164852,924,0.00561,9,1229.14
2026-03-28,programmatic_display,display_v2,156755,849,0.00542,9,1075.49
2026-03-28,programmatic_display,display_v3,108328,461,0.00426,4,768.21
2026-03-28,youtube,yt_v1,82148,918,0.01118,16,1145.58
2026-03-28,youtube,yt_v2,76283,692,0.00907,14,1002.38
2026-03-28,youtube,yt_v3,54101,615,0.01137,8,715.99
2026-03-29,ctv,ctv_v1,23729,77,0.00329,1,855.68
2026-03-29,ctv,ctv_v2,21170,56,0.00267,0,700.1
2026-03-29,paid_search,search_v1,61515,2886,0.04693,153,1619.38
2026-03-29,paid_search,search_v2,39731,1429,0.03598,69,971.63
2026-03-29,paid_search,search_v3,24100,855,0.03551,42,647.75
2026-03-29,paid_social,social_v1,154240,2376,0.01541,59,1810.03
2026-03-29,paid_social,social_v2,92146,1727,0.01875,41,1005.57
2026-03-29,paid_social,social_v3,72458,1084,0.01497,23,804.46
2026-03-29,paid_social,social_v4,34339,475,0.01385,11,402.23
2026-03-29,programmatic_display,display_v1,140865,842,0.00598,8,1030.75
2026-03-29,programmatic_display,display_v2,123025,543,0.00442,6,901.9
2026-03-29,programmatic_display,display_v3,90987,393,0.00432,3,644.22
2026-03-29,youtube,yt_v1,65211,603,0.00926,13,982.94
2026-03-29,youtube,yt_v2,54992,529,0.00963,9,860.08
2026-03-29,youtube,yt_v3,42825,483,0.01129,8,614.34
2026-03-30,ctv,ctv_v1,30715,93,0.00303,1,1108.61
2026-03-30,ctv,ctv_v2,25202,66,0.00263,0,907.04
2026-03-30,paid_search,search_v1,66017,2792,0.0423,145,1951.36
2026-03-30,paid_search,search_v2,40247,1649,0.04098,86,1170.82
2026-03-30,paid_search,search_v3,26227,916,0.03493,39,780.54
2026-03-30,paid_social,social_v1,198540,2700,0.0136,81,2538.43
2026-03-30,paid_social,social_v2,110416,2089,0.01892,51,1410.24
2026-03-30,paid_social,social_v3,90554,1377,0.01521,29,1128.19
2026-03-30,paid_social,social_v4,44679,702,0.01572,15,564.1
2026-03-30,programmatic_display,display_v1,176466,916,0.00519,11,1162.91
2026-03-30,programmatic_display,display_v2,154364,835,0.00541,8,1017.54
2026-03-30,programmatic_display,display_v3,106426,399,0.00375,2,726.82
2026-03-30,youtube,yt_v1,108731,1192,0.01097,20,1364.56
2026-03-30,youtube,yt_v2,96231,1009,0.01049,16,1193.99
2026-03-30,youtube,yt_v3,68649,661,0.00964,10,852.85
2026-03-31,ctv,ctv_v1,36292,115,0.00317,1,1048.64
2026-03-31,ctv,ctv_v2,31787,93,0.00294,1,857.97
2026-03-31,paid_search,search_v1,70168,2948,0.04202,190,2085.61
2026-03-31,paid_search,search_v2,41423,1675,0.04046,82,1251.37
2026-03-31,paid_search,search_v3,26618,838,0.0315,34,834.24
2026-03-31,paid_social,social_v1,215611,3189,0.01479,89,2768.22
2026-03-31,paid_social,social_v2,118741,2115,0.01781,60,1537.9
2026-03-31,paid_social,social_v3,100715,1639,0.01628,40,1230.32
2026-03-31,paid_social,social_v4,50853,757,0.01491,16,615.16
2026-03-31,programmatic_display,display_v1,189638,958,0.00506,9,1284.67
2026-03-31,programmatic_display,display_v2,154933,853,0.00551,8,1124.09
2026-03-31,programmatic_display,display_v3,111304,445,0.004,3,802.92
2026-03-31,youtube,yt_v1,87814,944,0.01075,18,1196.96
2026-03-31,youtube,yt_v2,71475,667,0.00934,12,1047.34
2026-03-31,youtube,yt_v3,51762,523,0.01011,6,748.1
2026-04-01,ctv,ctv_v1,35044,109,0.00312,1,1027.04
2026-04-01,ctv,ctv_v2,27684,71,0.0026,0,840.31
2026-04-01,paid_search,search_v1,72488,3211,0.04431,208,1892.93
2026-04-01,paid_search,search_v2,44792,1841,0.0411,90,1135.76
2026-04-01,paid_search,search_v3,29914,1073,0.03587,55,757.17
2026-04-01,paid_social,social_v1,174926,2357,0.01348,84,2206.89
2026-04-01,paid_social,social_v2,104753,1961,0.01873,56,1226.05
2026-04-01,paid_social,social_v3,78279,1185,0.01514,29,980.84
2026-04-01,paid_social,social_v4,41448,579,0.01398,10,490.42
2026-04-01,programmatic_display,display_v1,186862,1006,0.00538,10,1268.38
2026-04-01,programmatic_display,display_v2,161547,760,0.00471,8,1109.83
2026-04-01,programmatic_display,display_v3,113040,386,0.00342,2,792.74
2026-04-01,youtube,yt_v1,84291,1033,0.01227,22,1302.33
2026-04-01,youtube,yt_v2,72560,713,0.00983,14,1139.54
2026-04-01,youtube,yt_v3,50742,520,0.01026,8,813.96
2026-04-02,ctv,ctv_v1,34264,111,0.00326,1,1158.73
2026-04-02,ctv,ctv_v2,28107,78,0.00278,1,948.05
2026-04-02,paid_search,search_v1,86397,3566,0.04128,220,2596.66
2026-04-02,paid_search,search_v2,48678,1855,0.03813,107,1558.0
2026-04-02,paid_search,search_v3,31737,1146,0.03611,44,1038.66
2026-04-02,paid_social,social_v1,255032,3538,0.01387,106,2242.46
2026-04-02,paid_social,social_v2,134101,2491,0.01858,70,1245.81
2026-04-02,paid_social,social_v3,110102,1725,0.01568,44,996.65
2026-04-02,paid_social,social_v4,52118,795,0.01527,16,498.32
2026-04-02,programmatic_display,display_v1,184765,955,0.00517,10,1151.2
2026-04-02,programmatic_display,display_v2,162777,699,0.0043,6,1007.3
2026-04-02,programmatic_display,display_v3,113258,485,0.00429,3,719.5
2026-04-02,youtube,yt_v1,93897,1152,0.01227,24,1382.36
2026-04-02,youtube,yt_v2,87244,754,0.00864,12,1209.57
2026-04-02,youtube,yt_v3,57672,535,0.00928,9,863.98
2026-04-03,ctv,ctv_v1,32897,83,0.00254,1,1133.1
2026-04-03,ctv,ctv_v2,26254,64,0.00247,0,927.08
2026-04-03,paid_search,search_v1,108674,4779,0.04398,274,2758.18
2026-04-03,paid_search,search_v2,66397,2281,0.03435,125,1654.91
2026-04-03,paid_search,search_v3,44056,1519,0.03448,75,1103.27
2026-04-03,paid_social,social_v1,264337,4062,0.01537,117,2754.14
2026-04-03,paid_social,social_v2,147106,2762,0.01878,75,1530.08
2026-04-03,paid_social,social_v3,120610,1980,0.01642,46,1224.06
2026-04-03,paid_social,social_v4,58230,908,0.0156,17,612.03
2026-04-03,programmatic_display,display_v1,216799,1269,0.00586,13,1293.26
2026-04-03,programmatic_display,display_v2,177402,827,0.00467,9,1131.6
2026-04-03,programmatic_display,display_v3,130008,562,0.00433,5,808.29
2026-04-03,youtube,yt_v1,83161,988,0.01189,21,1391.57
2026-04-03,youtube,yt_v2,75438,831,0.01102,16,1217.63
2026-04-03,youtube,yt_v3,50228,522,0.01041,10,869.73
2026-04-04,ctv,ctv_v1,30092,79,0.00263,1,1024.25
2026-04-04,ctv,ctv_v2,24773,63,0.00258,0,838.03
2026-04-04,paid_search,search_v1,75496,2928,0.03879,194,2113.73
2026-04-04,paid_search,search_v2,45751,2001,0.04374,104,1268.24
2026-04-04,paid_search,search_v3,32652,1022,0.03132,40,845.49
2026-04-04,paid_social,social_v1,209913,3166,0.01508,89,1994.24
2026-04-04,paid_social,social_v2,124199,2197,0.01769,63,1107.91
2026-04-04,paid_social,social_v3,95026,1354,0.01425,29,886.33
2026-04-04,paid_social,social_v4,50397,739,0.01468,14,443.16
2026-04-04,programmatic_display,display_v1,174756,827,0.00473,8,1017.74
2026-04-04,programmatic_display,display_v2,162457,799,0.00492,8,890.52
2026-04-04,programmatic_display,display_v3,117410,510,0.00435,4,636.09
2026-04-04,youtube,yt_v1,96771,940,0.00972,17,1258.95
2026-04-04,youtube,yt_v2,80602,749,0.0093,13,1101.58
2026-04-04,youtube,yt_v3,59661,524,0.0088,7,786.84
2026-04-05,ctv,ctv_v1,34297,103,0.00301,1,973.87
2026-04-05,ctv,ctv_v2,26864,66,0.00249,0,796.8
2026-04-05,paid_search,search_v1,82521,3920,0.04751,215,2106.28
2026-04-05,paid_search,search_v2,50878,1988,0.03909,123,1263.77
2026-04-05,paid_search,search_v3,34973,1242,0.03554,62,842.51
2026-04-05,paid_social,social_v1,238191,2657,0.01116,85,2139.81
2026-04-05,paid_social,social_v2,132277,2604,0.01969,72,1188.78
2026-04-05,paid_social,social_v3,101243,1474,0.01456,36,951.03
2026-04-05,paid_social,social_v4,48469,620,0.0128,11,475.51
2026-04-05,programmatic_display,display_v1,171380,932,0.00544,10,1098.29
2026-04-05,programmatic_display,display_v2,142393,611,0.00429,6,961.0
2026-04-05,programmatic_display,display_v3,109263,436,0.00399,3,686.43
2026-04-05,youtube,yt_v1,51737,604,0.01169,12,959.57
2026-04-05,youtube,yt_v2,46070,465,0.01009,8,839.62
2026-04-05,youtube,yt_v3,34839,346,0.00994,4,599.73
2026-04-06,ctv,ctv_v1,36852,103,0.0028,1,1188.84
2026-04-06,ctv,ctv_v2,30440,88,0.0029,1,972.68
2026-04-06,paid_search,search_v1,75638,3784,0.05004,196,2405.9
2026-04-06,paid_search,search_v2,45547,1984,0.04357,92,1443.54
2026-04-06,paid_search,search_v3,32035,1003,0.03133,43,962.36
2026-04-06,paid_social,social_v1,190982,2773,0.01452,95,2280.33
2026-04-06,paid_social,social_v2,106892,2144,0.02006,63,1266.85
2026-04-06,paid_social,social_v3,84680,1256,0.01484,30,1013.48
2026-04-06,paid_social,social_v4,44132,569,0.01292,13,506.74
2026-04-06,programmatic_display,display_v1,222062,1105,0.00498,11,1263.49
2026-04-06,programmatic_display,display_v2,200878,1008,0.00502,8,1105.56
2026-04-06,programmatic_display,display_v3,135910,546,0.00402,4,789.68
2026-04-06,youtube,yt_v1,66986,814,0.01216,18,1128.38
2026-04-06,youtube,yt_v2,57645,565,0.00981,9,987.33
2026-04-06,youtube,yt_v3,43759,437,0.00999,8,705.24
2026-04-07,ctv,ctv_v1,33018,102,0.00309,1,1213.79
2026-04-07,ctv,ctv_v2,27653,76,0.00277,0,993.1
2026-04-07,paid_search,search_v1,109591,4662,0.04255,305,2526.95
2026-04-07,paid_search,search_v2,67054,2400,0.03581,127,1516.17
2026-04-07,paid_search,search_v3,42837,1297,0.0303,52,1010.78
2026-04-07,paid_social,social_v1,228274,3130,0.01371,85,2729.98
2026-04-07,paid_social,social_v2,127126,2395,0.01885,73,1516.66
2026-04-07,paid_social,social_v3,98232,1533,0.01561,34,1213.33
2026-04-07,paid_social,social_v4,52546,764,0.01456,16,606.66
2026-04-07,programmatic_display,display_v1,221359,1148,0.00519,14,1267.01
2026-04-07,programmatic_display,display_v2,204318,1038,0.00508,10,1108.63
2026-04-07,programmatic_display,display_v3,138004,587,0.00426,4,791.88
2026-04-07,youtube,yt_v1,65127,656,0.01009,13,1196.9
2026-04-07,youtube,yt_v2,60197,579,0.00963,11,1047.29
2026-04-07,youtube,yt_v3,42202,461,0.01093,6,748.06
2026-04-08,ctv,ctv_v1,48979,166,0.00341,2,1343.9
2026-04-08,ctv,ctv_v2,38150,105,0.00276,1,1099.56
2026-04-08,paid_search,search_v1,113434,4756,0.04193,259,2476.92
2026-04-08,paid_search,search_v2,65475,2359,0.03604,114,1486.15
2026-04-08,paid_search,search_v3,45549,1559,0.03423,64,990.77
2026-04-08,paid_social,social_v1,191895,2770,0.01444,83,2410.22
2026-04-08,paid_social,social_v2,115831,2312,0.01996,64,1339.01
2026-04-08,paid_social,social_v3,92552,1400,0.01513,36,1071.21
2026-04-08,paid_social,social_v4,42277,610,0.01444,13,535.6
2026-04-08,programmatic_display,display_v1,191602,1078,0.00563,13,1261.24
2026-04-08,programmatic_display,display_v2,163615,730,0.00446,7,1103.58
2026-04-08,programmatic_display,display_v3,128140,500,0.00391,4,788.27
2026-04-08,youtube,yt_v1,82360,786,0.00955,15,1341.01
2026-04-08,youtube,yt_v2,66644,670,0.01006,12,1173.39
2026-04-08,youtube,yt_v3,47121,498,0.01058,8,838.13
2026-04-09,ctv,ctv_v1,34808,111,0.00319,1,1069.17
2026-04-09,ctv,ctv_v2,26186,78,0.00299,1,874.78
2026-04-09,paid_search,search_v1,82449,3199,0.03881,182,2066.57
2026-04-09,paid_search,search_v2,47970,1939,0.04043,103,1239.94
2026-04-09,paid_search,search_v3,32541,1200,0.03688,49,826.63
2026-04-09,paid_social,social_v1,202823,2277,0.01123,58,2457.75
2026-04-09,paid_social,social_v2,110380,1973,0.01788,57,1365.42
2026-04-09,paid_social,social_v3,85405,1295,0.01517,27,1092.33
2026-04-09,paid_social,social_v4,43447,626,0.01443,12,546.17
2026-04-09,programmatic_display,display_v1,223830,1230,0.0055,14,1307.12
2026-04-09,programmatic_display,display_v2,185376,921,0.00497,8,1143.73
2026-04-09,programmatic_display,display_v3,134729,577,0.00429,4,816.95
2026-04-09,youtube,yt_v1,100426,1145,0.01141,27,1336.18
2026-04-09,youtube,yt_v2,86912,687,0.00792,12,1169.16
2026-04-09,youtube,yt_v3,64503,646,0.01002,8,835.11
2026-04-10,ctv,ctv_v1,33647,110,0.00327,1,1204.03
2026-04-10,ctv,ctv_v2,25258,67,0.00268,0,985.12
2026-04-10,paid_search,search_v1,72644,2804,0.03861,151,2390.1
2026-04-10,paid_search,search_v2,45048,1669,0.03705,80,1434.06
2026-04-10,paid_search,search_v3,29532,1086,0.03679,48,956.04
2026-04-10,paid_social,social_v1,235003,3811,0.01622,129,2805.04
2026-04-10,paid_social,social_v2,126001,2322,0.01843,63,1558.36
2026-04-10,paid_social,social_v3,107248,1838,0.01715,45,1246.68
2026-04-10,paid_social,social_v4,53269,873,0.01639,17,623.34
2026-04-10,programmatic_display,display_v1,261944,1475,0.00563,14,1386.77
2026-04-10,programmatic_display,display_v2,220666,1061,0.00481,11,1213.42
2026-04-10,programmatic_display,display_v3,162295,624,0.00385,5,866.73
2026-04-10,youtube,yt_v1,85561,1125,0.01315,22,1330.84
2026-04-10,youtube,yt_v2,75162,809,0.01077,15,1164.49
2026-04-10,youtube,yt_v3,52764,562,0.01067,8,831.78
2026-04-11,ctv,ctv_v1,39881,120,0.00303,1,1096.24
2026-04-11,ctv,ctv_v2,31024,84,0.00272,1,896.93
2026-04-11,paid_search,search_v1,61181,2275,0.0372,126,1828.9
2026-04-11,paid_search,search_v2,33866,1408,0.04158,80,1097.34
2026-04-11,paid_search,search_v3,22926,852,0.03716,38,731.56
2026-04-11,paid_social,social_v1,155766,2365,0.01518,77,1967.23
2026-04-11,paid_social,social_v2,89240,1629,0.01826,50,1092.91
2026-04-11,paid_social,social_v3,70803,1262,0.01783,29,874.33
2026-04-11,paid_social,social_v4,37072,507,0.0137,11,437.16
2026-04-11,programmatic_display,display_v1,135930,810,0.00597,9,996.99
2026-04-11,programmatic_display,display_v2,119381,617,0.00517,5,872.36
2026-04-11,programmatic_display,display_v3,84503,330,0.00391,3,623.12
2026-04-11,youtube,yt_v1,74878,739,0.00987,16,987.21
2026-04-11,youtube,yt_v2,63239,598,0.00947,11,863.81
2026-04-11,youtube,yt_v3,46710,424,0.0091,6,617.0
2026-04-12,ctv,ctv_v1,29126,82,0.00284,1,1047.7
2026-04-12,ctv,ctv_v2,23719,68,0.0029,0,857.21
2026-04-12,paid_search,search_v1,62866,2555,0.04066,144,1786.56
2026-04-12,paid_search,search_v2,36010,1068,0.02967,45,1071.94
2026-04-12,paid_search,search_v3,24667,867,0.03517,39,714.62
2026-04-12,paid_social,social_v1,195858,2453,0.01253,81,1773.8
2026-04-12,paid_social,social_v2,106633,1949,0.01828,44,985.44
2026-04-12,paid_social,social_v3,87483,1452,0.0166,31,788.35
2026-04-12,paid_social,social_v4,41908,648,0.01547,13,394.18
2026-04-12,programmatic_display,display_v1,131730,668,0.00507,7,938.45
2026-04-12,programmatic_display,display_v2,118201,657,0.00556,6,821.15
2026-04-12,programmatic_display,display_v3,80005,330,0.00413,2,586.53
2026-04-12,youtube,yt_v1,66417,692,0.01043,15,1084.54
2026-04-12,youtube,yt_v2,54460,496,0.00911,8,948.97
2026-04-12,youtube,yt_v3,39590,424,0.01072,6,677.84
2026-04-13,ctv,ctv_v1,34233,106,0.00312,1,1016.27
2026-04-13,ctv,ctv_v2,26010,78,0.00301,1,831.5
2026-04-13,paid_search,search_v1,77638,3089,0.0398,191,2280.47
2026-04-13,paid_search,search_v2,46185,1698,0.03678,81,1368.28
2026-04-13,paid_search,search_v3,30954,1079,0.03487,55,912.19
2026-04-13,paid_social,social_v1,222638,2438,0.01095,77,2279.22
2026-04-13,paid_social,social_v2,122070,2002,0.0164,57,1266.23
2026-04-13,paid_social,social_v3,103928,1710,0.01646,42,1012.99
2026-04-13,paid_social,social_v4,53489,786,0.01471,15,506.49
2026-04-13,programmatic_display,display_v1,263812,1138,0.00431,14,1376.42
2026-04-13,programmatic_display,display_v2,227051,1084,0.00477,10,1204.37
2026-04-13,programmatic_display,display_v3,164099,620,0.00378,5,860.26
2026-04-13,youtube,yt_v1,70537,846,0.012,16,1142.4
2026-04-13,youtube,yt_v2,61624,645,0.01048,10,999.6
2026-04-13,youtube,yt_v3,44001,428,0.00975,5,714.0
2026-04-14,ctv,ctv_v1,32441,99,0.00307,1,1155.07
2026-04-14,ctv,ctv_v2,27023,72,0.00268,0,945.05
2026-04-14,paid_search,search_v1,76931,3111,0.04044,189,2340.01
2026-04-14,paid_search,search_v2,47231,1976,0.04185,103,1404.01
2026-04-14,paid_search,search_v3,31227,1065,0.03411,49,936.0
2026-04-14,paid_social,social_v1,216623,2711,0.01252,90,2519.55
2026-04-14,paid_social,social_v2,120367,2219,0.01844,49,1399.75
2026-04-14,paid_social,social_v3,95435,1737,0.01821,42,1119.8
2026-04-14,paid_social,social_v4,50106,836,0.01669,13,559.9
2026-04-14,programmatic_display,display_v1,240597,1236,0.00514,14,1253.95
2026-04-14,programmatic_display,display_v2,212457,1018,0.00479,10,1097.2
2026-04-14,programmatic_display,display_v3,161444,650,0.00403,5,783.72
2026-04-14,youtube,yt_v1,108695,1189,0.01095,25,1421.91
2026-04-14,youtube,yt_v2,89623,771,0.0086,13,1244.17
2026-04-14,youtube,yt_v3,64782,718,0.01109,11,888.69
